INSERT INTO user_data (FIRST_NAME, LAST_NAME, USERNAME, LOCATION, POSTCODE, STREET_NAME,  EMAIL,PASSWORD, USER_ROLE,IMG_NAME) VALUES('Admin', 'Istrator', 'admin', 'Innsbruck', '6020', 'Tiergartenstrasse','xyzdafsasdf233223@abc.at', '$2a$10$W9xQIwa/FstPUvcbzJXnQ.XjVdTyIcCEp.g6VCq1gYuSsQNjJjbJG', 'ADMIN', 'emptypicture.png');
INSERT INTO user_data (IMG_NAME, FIRST_NAME, LAST_NAME, USERNAME, LOCATION, POSTCODE, STREET_NAME, EMAIL, PASSWORD, USER_ROLE) VALUES('emptypicture.png', 'Bernardo', 'Menia', 'bernd', 'Innsbruck', '6020', 'Technikerstrasse', 'patrik.schweigl@student.uibk.ac.at', '$2a$10$6dQcayeT/JAFvgFvzIjlcew5z9cmdCrGlv57.BGnIKvPXTDsQm7hG', 'PARENT');
INSERT INTO parent (FAMILY_STATUS, STATUS, USERNAME) VALUES ('VERHEIRATET', TRUE, 'bernd');
INSERT INTO user_data (IMG_NAME, FIRST_NAME, LAST_NAME, USERNAME, LOCATION, POSTCODE, STREET_NAME,  EMAIL,PASSWORD, USER_ROLE) VALUES('emptypicture.png','Ashley', 'McCain', 'ashley', 'Innsbruck', '6020', 'Bundesstrasse','xyzdafsasdf233223@abc.at', '$2a$10$6dQcayeT/JAFvgFvzIjlcew5z9cmdCrGlv57.BGnIKvPXTDsQm7hG', 'PARENT');
INSERT INTO parent (FAMILY_STATUS, STATUS, USERNAME) VALUES ('VERHEIRATET',TRUE, 'ashley');
INSERT INTO user_data (IMG_NAME, FIRST_NAME, LAST_NAME, USERNAME, LOCATION, POSTCODE, STREET_NAME,  EMAIL,PASSWORD, USER_ROLE) VALUES('emptypicture.png','Mohammed', 'Li', 'mohammed', 'Innsbruck', '6020', 'Bahnhofstraße','xyzdafsasdf233223@abc.at', '$2a$10$6dQcayeT/JAFvgFvzIjlcew5z9cmdCrGlv57.BGnIKvPXTDsQm7hG', 'PARENT');
INSERT INTO parent (FAMILY_STATUS, STATUS, USERNAME) VALUES ('VERHEIRATET', TRUE, 'mohammed');
INSERT INTO user_data (IMG_NAME, FIRST_NAME, LAST_NAME, USERNAME, LOCATION, POSTCODE, STREET_NAME, EMAIL, PASSWORD, USER_ROLE) VALUES('emptypicture.png', 'Stefanie', 'Müller', 'stefanie', 'Innsbruck', '6020', 'Pirmingasse', 'xyzdafsasdf233223@student.uibk.ac.at', '$2a$10$6dQcayeT/JAFvgFvzIjlcew5z9cmdCrGlv57.BGnIKvPXTDsQm7hG', 'PARENT');
INSERT INTO parent (FAMILY_STATUS, STATUS, USERNAME) VALUES ('VERHEIRATET', TRUE, 'stefanie');
INSERT INTO user_data (IMG_NAME, FIRST_NAME, LAST_NAME, USERNAME, LOCATION, POSTCODE, STREET_NAME,  EMAIL,PASSWORD, USER_ROLE) VALUES('emptypicture.png','Chirstine', 'Maier', 'christine', 'Innsbruck', '6020', 'Bundesstrasse','xyzdafsasdf233223@abc.at', '$2a$10$6dQcayeT/JAFvgFvzIjlcew5z9cmdCrGlv57.BGnIKvPXTDsQm7hG', 'PARENT');
INSERT INTO parent (FAMILY_STATUS, STATUS, USERNAME) VALUES ('VERHEIRATET',TRUE, 'christine');
INSERT INTO user_data (IMG_NAME, FIRST_NAME, LAST_NAME, USERNAME, LOCATION, POSTCODE, STREET_NAME,  EMAIL,PASSWORD, USER_ROLE) VALUES('emptypicture.png','Ferhat', 'Moham', 'ferhat', 'Innsbruck', '6020', 'Bahnhofstraße','xyzdafsasdf233223@abc.at', '$2a$10$6dQcayeT/JAFvgFvzIjlcew5z9cmdCrGlv57.BGnIKvPXTDsQm7hG', 'PARENT');
INSERT INTO parent (FAMILY_STATUS, STATUS, USERNAME) VALUES ('VERHEIRATET', TRUE, 'ferhat');
INSERT INTO user_data (IMG_NAME, FIRST_NAME, LAST_NAME, USERNAME, LOCATION, POSTCODE, STREET_NAME, EMAIL, PASSWORD, USER_ROLE) VALUES('emptypicture.png', 'Michael', 'Gugler', 'michael', 'Innsbruck', '6020', 'Technikerstrasse', 'xyzdafsasdf233223@student.uibk.ac.at', '$2a$10$6dQcayeT/JAFvgFvzIjlcew5z9cmdCrGlv57.BGnIKvPXTDsQm7hG', 'PARENT');
INSERT INTO parent (FAMILY_STATUS, STATUS, USERNAME) VALUES ('VERHEIRATET', TRUE, 'michael');
INSERT INTO user_data (IMG_NAME, FIRST_NAME, LAST_NAME, USERNAME, LOCATION, POSTCODE, STREET_NAME,  EMAIL,PASSWORD, USER_ROLE) VALUES('emptypicture.png','Annabelle', 'Guggenberger', 'annabelle', 'Innsbruck', '6020', 'Bundesstrasse','xyzdafsasdf233223@abc.at', '$2a$10$6dQcayeT/JAFvgFvzIjlcew5z9cmdCrGlv57.BGnIKvPXTDsQm7hG', 'PARENT');
INSERT INTO parent (FAMILY_STATUS, STATUS, USERNAME) VALUES ('VERHEIRATET',TRUE, 'annabelle');
INSERT INTO user_data (IMG_NAME, FIRST_NAME, LAST_NAME, USERNAME, LOCATION, POSTCODE, STREET_NAME,  EMAIL,PASSWORD, USER_ROLE) VALUES('emptypicture.png','Nina', 'Hauer-Maier', 'nina', 'Innsbruck', '6020', 'Bahnhofstraße','xyzdafsasdf233223@abc.at', '$2a$10$6dQcayeT/JAFvgFvzIjlcew5z9cmdCrGlv57.BGnIKvPXTDsQm7hG', 'PARENT');
INSERT INTO parent (FAMILY_STATUS, STATUS, USERNAME) VALUES ('VERHEIRATET', TRUE, 'nina');
INSERT INTO user_data (IMG_NAME, FIRST_NAME, LAST_NAME, USERNAME, LOCATION, POSTCODE, STREET_NAME, EMAIL, PASSWORD, USER_ROLE) VALUES('emptypicture.png', 'Sandra', 'Winkler', 'sandra', 'Innsbruck', '6020', 'Technikerstrasse', 'xyzdafsasdf233223@student.uibk.ac.at', '$2a$10$6dQcayeT/JAFvgFvzIjlcew5z9cmdCrGlv57.BGnIKvPXTDsQm7hG', 'PARENT');
INSERT INTO parent (FAMILY_STATUS, STATUS, USERNAME) VALUES ('VERHEIRATET', TRUE, 'sandra');
INSERT INTO user_data (IMG_NAME, FIRST_NAME, LAST_NAME, USERNAME, LOCATION, POSTCODE, STREET_NAME,  EMAIL,PASSWORD, USER_ROLE) VALUES('emptypicture.png','Michael', 'Neuner', 'michael1', 'Innsbruck', '6020', 'Bundesstrasse','xyzdafsasdf233223@abc.at', '$2a$10$6dQcayeT/JAFvgFvzIjlcew5z9cmdCrGlv57.BGnIKvPXTDsQm7hG', 'PARENT');
INSERT INTO parent (FAMILY_STATUS, STATUS, USERNAME) VALUES ('VERHEIRATET',TRUE, 'michael1');
INSERT INTO user_data (IMG_NAME, FIRST_NAME, LAST_NAME, USERNAME, LOCATION, POSTCODE, STREET_NAME,  EMAIL,PASSWORD, USER_ROLE) VALUES('emptypicture.png','Fiora', 'Hansen', 'fiora', 'Innsbruck', '6020', 'Bahnhofstraße','xyzdafsasdf233223@abc.at', '$2a$10$6dQcayeT/JAFvgFvzIjlcew5z9cmdCrGlv57.BGnIKvPXTDsQm7hG', 'PARENT');
INSERT INTO parent (FAMILY_STATUS, STATUS, USERNAME) VALUES ('VERHEIRATET', TRUE, 'fiora');


INSERT INTO user_data (IMG_NAME, RELIGION, FIRST_NAME, LAST_NAME, USERNAME, LOCATION, POSTCODE, STREET_NAME,  EMAIL,PASSWORD, USER_ROLE) VALUES('emptypicture.png','CHRISTENTUM','Thorunn', 'Einarsson', 'thorunn', 'Innsbruck', '6020', 'Sillpark', 'xyzdafsasdf233223@abc.at','$2a$10$6dQcayeT/JAFvgFvzIjlcew5z9cmdCrGlv57.BGnIKvPXTDsQm7hG', 'EMPLOYEE');
INSERT INTO employee (USERNAME) VALUES ('thorunn');
INSERT INTO user_data (IMG_NAME, RELIGION, FIRST_NAME, LAST_NAME, USERNAME, LOCATION, POSTCODE, STREET_NAME,  EMAIL,PASSWORD, USER_ROLE) VALUES('emptypicture.png','BUDDHISMUS','Cheng', 'Lee', 'cheng', 'Innsbruck', '6020', 'Meinhardstrasse', 'xyzdafsasdf233223@abc.at','$2a$10$6dQcayeT/JAFvgFvzIjlcew5z9cmdCrGlv57.BGnIKvPXTDsQm7hG', 'EMPLOYEE');
INSERT INTO employee (USERNAME) VALUES ('cheng');
INSERT INTO user_data (IMG_NAME, RELIGION, FIRST_NAME, LAST_NAME, USERNAME, LOCATION, POSTCODE, STREET_NAME,  EMAIL,PASSWORD, USER_ROLE) VALUES('emptypicture.png','ISLAM','Fatima', 'Abdullah', 'fatima', 'Innsbruck', '6020', 'Bozener Platz', 'xyzdafsasdf233223@abc.at','$2a$10$6dQcayeT/JAFvgFvzIjlcew5z9cmdCrGlv57.BGnIKvPXTDsQm7hG', 'EMPLOYEE');
INSERT INTO employee (USERNAME) VALUES ('fatima');


INSERT INTO child (FIRST_NAME, LAST_NAME, PARENT1_USERNAME, BIRTHDAY, GENDER, EMERGENCY_NUMBER, IMG_NAME, RELIGION) VALUES('Lena', 'Rädler', 'bernd', '11/11/2015', 'WEIBLICH', '06949109995', 'emptypicture.png', 'ISLAM');
INSERT INTO child (FIRST_NAME, LAST_NAME, PARENT1_USERNAME, BIRTHDAY, GENDER, EMERGENCY_NUMBER, IMG_NAME, RELIGION) VALUES('Peter', 'Hanser', 'bernd', '19/06/2013', 'MAENNLICH', '0963322115','emptypicture.png','ISLAM');
INSERT INTO child (FIRST_NAME, LAST_NAME, PARENT1_USERNAME, BIRTHDAY, GENDER, EMERGENCY_NUMBER, IMG_NAME, RELIGION) VALUES('Sakura', 'Xiaping', 'mohammed', '03/05/2014', 'WEIBLICH', '0361117615', 'emptypicture.png', 'ISLAM');
INSERT INTO child (FIRST_NAME, LAST_NAME, PARENT1_USERNAME, BIRTHDAY, GENDER, EMERGENCY_NUMBER, IMG_NAME, RELIGION) VALUES('Fidel', 'Castro', 'ashley', '20/06/2014', 'MAENNLICH', '0632651555', 'emptypicture.png', 'ISLAM');
INSERT INTO child (FIRST_NAME, LAST_NAME, PARENT1_USERNAME, BIRTHDAY, GENDER, EMERGENCY_NUMBER, IMG_NAME, RELIGION) VALUES('Chiara', 'Müller', 'stefanie', '21/06/2014', 'WEIBLICH', '06949109995', 'emptypicture.png', 'ISLAM');
INSERT INTO child (FIRST_NAME, LAST_NAME, PARENT1_USERNAME, BIRTHDAY, GENDER, EMERGENCY_NUMBER, IMG_NAME, RELIGION) VALUES('Peter', 'Müller', 'stefanie', '21/06/2014', 'MAENNLICH', '0963322115','emptypicture.png','ISLAM');
INSERT INTO child (FIRST_NAME, LAST_NAME, PARENT1_USERNAME, BIRTHDAY, GENDER, EMERGENCY_NUMBER, IMG_NAME, RELIGION) VALUES('Lila', 'Müller', 'stefanie', '22/06/2015', 'WEIBLICH', '0361117615', 'emptypicture.png', 'ISLAM');
INSERT INTO child (FIRST_NAME, LAST_NAME, PARENT1_USERNAME, BIRTHDAY, GENDER, EMERGENCY_NUMBER, IMG_NAME, RELIGION) VALUES('Darius', 'Maier', 'christine', '23/06/2014', 'MAENNLICH', '0632651555', 'emptypicture.png', 'ISLAM');
INSERT INTO child (FIRST_NAME, LAST_NAME, PARENT1_USERNAME, BIRTHDAY, GENDER, EMERGENCY_NUMBER, IMG_NAME, RELIGION) VALUES('Kaan', 'Moham', 'ferhat', '11/11/2015', 'MAENNLICH', '06949109995', 'emptypicture.png', 'ISLAM');
INSERT INTO child (FIRST_NAME, LAST_NAME, PARENT1_USERNAME, BIRTHDAY, GENDER, EMERGENCY_NUMBER, IMG_NAME, RELIGION) VALUES('Nagi', 'Moham', 'ferhat', '19/06/2013', 'WEIBLICH', '0963322115','emptypicture.png','ISLAM');
INSERT INTO child (FIRST_NAME, LAST_NAME, PARENT1_USERNAME, BIRTHDAY, GENDER, EMERGENCY_NUMBER, IMG_NAME, RELIGION) VALUES('Michael-Junior', 'Gugler', 'michael', '03/05/2014', 'MAENNLICH', '0361117615', 'emptypicture.png', 'ISLAM');
INSERT INTO child (FIRST_NAME, LAST_NAME, PARENT1_USERNAME, BIRTHDAY, GENDER, EMERGENCY_NUMBER, IMG_NAME, RELIGION) VALUES('Anna', 'Guggenberger', 'annabelle', '20/06/2014', 'MAENNLICH', '0632651555', 'emptypicture.png', 'ISLAM');
INSERT INTO child (FIRST_NAME, LAST_NAME, PARENT1_USERNAME, BIRTHDAY, GENDER, EMERGENCY_NUMBER, IMG_NAME, RELIGION) VALUES('Ulla', 'Hauer-Maier', 'nina', '24/06/2015', 'WEIBLICH', '06949109995', 'emptypicture.png', 'ISLAM');
INSERT INTO child (FIRST_NAME, LAST_NAME, PARENT1_USERNAME, BIRTHDAY, GENDER, EMERGENCY_NUMBER, IMG_NAME, RELIGION) VALUES('Frank', 'Hauer-Maier', 'nina', '24/06/2013', 'MAENNLICH', '0963322115','emptypicture.png','ISLAM');
INSERT INTO child (FIRST_NAME, LAST_NAME, PARENT1_USERNAME, BIRTHDAY, GENDER, EMERGENCY_NUMBER, IMG_NAME, RELIGION) VALUES('Leonie', 'Winkler', 'sandra', '03/05/2014', 'WEIBLICH', '0361117615', 'emptypicture.png', 'ISLAM');
INSERT INTO child (FIRST_NAME, LAST_NAME, PARENT1_USERNAME, BIRTHDAY, GENDER, EMERGENCY_NUMBER, IMG_NAME, RELIGION) VALUES('Leon', 'Neuner', 'michael1', '20/06/2014', 'MAENNLICH', '0632651555', 'emptypicture.png', 'ISLAM');

INSERT INTO caregiver(FIRST_NAME, LAST_NAME, IMG_NAME, PHONE_NUMBER, CHILD_ID) VALUES('Peter', 'Hubertus', 'emptypicture.png', '798789778979', 1);
INSERT INTO caregiver(FIRST_NAME, LAST_NAME, IMG_NAME, PHONE_NUMBER, CHILD_ID) VALUES('Frank', 'Schanzl', 'emptypicture.png', '798789778979', 1);
INSERT INTO caregiver(FIRST_NAME, LAST_NAME, IMG_NAME, PHONE_NUMBER, CHILD_ID) VALUES('Dieter', 'Fankhauser', 'emptypicture.png', '798789778979', 2);
INSERT INTO caregiver(FIRST_NAME, LAST_NAME, IMG_NAME, PHONE_NUMBER, CHILD_ID) VALUES('Kurt', 'Hubert', 'emptypicture.png', '798789778979', 2);
INSERT INTO caregiver(FIRST_NAME, LAST_NAME, IMG_NAME, PHONE_NUMBER, CHILD_ID) VALUES('Leon', 'Volder', 'emptypicture.png', '798789778979', 2);
INSERT INTO caregiver(FIRST_NAME, LAST_NAME, IMG_NAME, PHONE_NUMBER, CHILD_ID) VALUES('Volker', 'Schinagl', 'emptypicture.png', '798789778979', 4);
INSERT INTO caregiver(FIRST_NAME, LAST_NAME, IMG_NAME, PHONE_NUMBER, CHILD_ID) VALUES('Pete', 'Seidl', 'emptypicture.png', '798789778979', 4);
INSERT INTO caregiver(FIRST_NAME, LAST_NAME, IMG_NAME, PHONE_NUMBER, CHILD_ID) VALUES('Nina', 'Schleier', 'emptypicture.png', '798789778979', 4);
INSERT INTO caregiver(FIRST_NAME, LAST_NAME, IMG_NAME, PHONE_NUMBER, CHILD_ID) VALUES('Sandra', 'Hubertu', 'emptypicture.png', '798789778979', 4);
INSERT INTO caregiver(FIRST_NAME, LAST_NAME, IMG_NAME, PHONE_NUMBER, CHILD_ID) VALUES('Bruno', 'Nagl', 'emptypicture.png', '798789778979', 5);
INSERT INTO caregiver(FIRST_NAME, LAST_NAME, IMG_NAME, PHONE_NUMBER, CHILD_ID) VALUES('Jana', 'Kunde', 'emptypicture.png', '798789778979', 6);
INSERT INTO caregiver(FIRST_NAME, LAST_NAME, IMG_NAME, PHONE_NUMBER, CHILD_ID) VALUES('Linda', 'Lageder', 'emptypicture.png', '798789778979', 7);
INSERT INTO caregiver(FIRST_NAME, LAST_NAME, IMG_NAME, PHONE_NUMBER, CHILD_ID) VALUES('Patrick', 'Feld', 'emptypicture.png', '798789778979', 7);
INSERT INTO caregiver(FIRST_NAME, LAST_NAME, IMG_NAME, PHONE_NUMBER, CHILD_ID) VALUES('Daniel', 'Hanser', 'emptypicture.png', '798789778979', 8);
INSERT INTO caregiver(FIRST_NAME, LAST_NAME, IMG_NAME, PHONE_NUMBER, CHILD_ID) VALUES('Sina', 'Andrea', 'emptypicture.png', '798789778979', 8);
INSERT INTO caregiver(FIRST_NAME, LAST_NAME, IMG_NAME, PHONE_NUMBER, CHILD_ID) VALUES('Leonie', 'Kurse', 'emptypicture.png', '798789778979', 9);
INSERT INTO caregiver(FIRST_NAME, LAST_NAME, IMG_NAME, PHONE_NUMBER, CHILD_ID) VALUES('Elisabeth', 'Saran', 'emptypicture.png', '798789778979', 9);
INSERT INTO caregiver(FIRST_NAME, LAST_NAME, IMG_NAME, PHONE_NUMBER, CHILD_ID) VALUES('Holger', 'Nalger', 'emptypicture.png', '798789778979', 10);
INSERT INTO caregiver(FIRST_NAME, LAST_NAME, IMG_NAME, PHONE_NUMBER, CHILD_ID) VALUES('Frank', 'Stern', 'emptypicture.png', '798789778979', 10);
INSERT INTO caregiver(FIRST_NAME, LAST_NAME, IMG_NAME, PHONE_NUMBER, CHILD_ID) VALUES('Kurt', 'Selber', 'emptypicture.png', '798789778979', 10);
INSERT INTO caregiver(FIRST_NAME, LAST_NAME, IMG_NAME, PHONE_NUMBER, CHILD_ID) VALUES('Michael', 'Gigler', 'emptypicture.png', '798789778979', 11);
INSERT INTO caregiver(FIRST_NAME, LAST_NAME, IMG_NAME, PHONE_NUMBER, CHILD_ID) VALUES('Irma', 'Frischmann', 'emptypicture.png', '798789778979', 11);
INSERT INTO caregiver(FIRST_NAME, LAST_NAME, IMG_NAME, PHONE_NUMBER, CHILD_ID) VALUES('Christian', 'Schlag', 'emptypicture.png', '798789778979', 11);
INSERT INTO caregiver(FIRST_NAME, LAST_NAME, IMG_NAME, PHONE_NUMBER, CHILD_ID) VALUES('Andreas', 'Schlag', 'emptypicture.png', '798789778979', 11);
INSERT INTO caregiver(FIRST_NAME, LAST_NAME, IMG_NAME, PHONE_NUMBER, CHILD_ID) VALUES('Fredl', 'Schlag', 'emptypicture.png', '798789778979', 11);
INSERT INTO caregiver(FIRST_NAME, LAST_NAME, IMG_NAME, PHONE_NUMBER, CHILD_ID) VALUES('Norbert', 'Kramer', 'emptypicture.png', '798789778979', 12);
INSERT INTO caregiver(FIRST_NAME, LAST_NAME, IMG_NAME, PHONE_NUMBER, CHILD_ID) VALUES('Heideltraut', 'Schwarz', 'emptypicture.png', '798789778979', 13);
INSERT INTO caregiver(FIRST_NAME, LAST_NAME, IMG_NAME, PHONE_NUMBER, CHILD_ID) VALUES('Sandra', 'Holzinger', 'emptypicture.png', '798789778979', 14);
INSERT INTO caregiver(FIRST_NAME, LAST_NAME, IMG_NAME, PHONE_NUMBER, CHILD_ID) VALUES('Stoffl', 'Holzinger', 'emptypicture.png', '798789778979', 14);
INSERT INTO caregiver(FIRST_NAME, LAST_NAME, IMG_NAME, PHONE_NUMBER, CHILD_ID) VALUES('karl-Heinz', 'Holzinger', 'emptypicture.png', '798789778979', 14);


INSERT INTO lunch (DATE, MEAL, COST) VALUES(STR_TO_DATE('07/06/2017:02:00:00', '%d/%m/%Y:%h:%i:%s'), 'Wiener Schnitzel', 3.5);
INSERT INTO lunch (DATE, MEAL, COST) VALUES(STR_TO_DATE('08/06/2017:02:00:00', '%d/%m/%Y:%h:%i:%s'), 'Gemüselasagne', 3.0);
INSERT INTO lunch (DATE, MEAL, COST) VALUES(STR_TO_DATE('09/06/2017:02:00:00', '%d/%m/%Y:%h:%i:%s'), 'Blätterteigtaschen', 3.5);
INSERT INTO lunch (DATE, MEAL, COST) VALUES(STR_TO_DATE('12/06/2017:02:00:00', '%d/%m/%Y:%h:%i:%s'), 'Lasagne', 3.5);
INSERT INTO lunch (DATE, MEAL, COST) VALUES(STR_TO_DATE('13/06/2017:02:00:00', '%d/%m/%Y:%h:%i:%s'), 'Spaghetti', 3.5);
INSERT INTO lunch (DATE, MEAL, COST) VALUES(STR_TO_DATE('14/06/2017:02:00:00', '%d/%m/%Y:%h:%i:%s'), 'Wiener Schnitzel', 3.5);
INSERT INTO lunch (DATE, MEAL, COST) VALUES(STR_TO_DATE('16/06/2017:02:00:00', '%d/%m/%Y:%h:%i:%s'), 'Blätterteigtaschen', 3.5);
INSERT INTO lunch (DATE, MEAL, COST) VALUES(STR_TO_DATE('19/06/2017:02:00:00', '%d/%m/%Y:%h:%i:%s'), 'Lasagne', 3.5);
INSERT INTO lunch (DATE, MEAL, COST) VALUES(STR_TO_DATE('20/06/2017:02:00:00', '%d/%m/%Y:%h:%i:%s'), 'Spaghetti', 3.5);
INSERT INTO lunch (DATE, MEAL, COST) VALUES(STR_TO_DATE('21/06/2017:02:00:00', '%d/%m/%Y:%h:%i:%s'), 'Wiener Schnitzel', 3.5);
INSERT INTO lunch (DATE, MEAL, COST) VALUES(STR_TO_DATE('22/06/2017:02:00:00', '%d/%m/%Y:%h:%i:%s'), 'Gemüselasagne', 3.0);
INSERT INTO lunch (DATE, MEAL, COST) VALUES(STR_TO_DATE('23/06/2017:02:00:00', '%d/%m/%Y:%h:%i:%s'), 'Blätterteigtaschen', 3.5);
INSERT INTO lunch (DATE, MEAL, COST) VALUES(STR_TO_DATE('26/06/2017:02:00:00', '%d/%m/%Y:%h:%i:%s'), 'Lasagne', 3.5);
INSERT INTO lunch (DATE, MEAL, COST) VALUES(STR_TO_DATE('27/06/2017:02:00:00', '%d/%m/%Y:%h:%i:%s'), 'Spaghetti', 3.5);
INSERT INTO lunch (DATE, MEAL, COST) VALUES(STR_TO_DATE('28/06/2017:02:00:00', '%d/%m/%Y:%h:%i:%s'), 'Wiener Schnitzel', 3.5);
INSERT INTO lunch (DATE, MEAL, COST) VALUES(STR_TO_DATE('29/06/2017:02:00:00', '%d/%m/%Y:%h:%i:%s'), 'Gemüselasagne', 3.0);
INSERT INTO lunch (DATE, MEAL, COST) VALUES(STR_TO_DATE('30/06/2017:02:00:00', '%d/%m/%Y:%h:%i:%s'), 'Blätterteigtaschen', 3.5);

INSERT INTO lunch_children_ids(LUNCH_ID, CHILDREN_IDS) VALUES(1,1);
INSERT INTO lunch_children_ids(LUNCH_ID, CHILDREN_IDS) VALUES(1,2);
INSERT INTO lunch_children_ids(LUNCH_ID, CHILDREN_IDS) VALUES(1,3);
INSERT INTO lunch_children_ids(LUNCH_ID, CHILDREN_IDS) VALUES(1,4);
INSERT INTO lunch_children_ids(LUNCH_ID, CHILDREN_IDS) VALUES(1,5);
INSERT INTO lunch_children_ids(LUNCH_ID, CHILDREN_IDS) VALUES(1,6);
INSERT INTO lunch_children_ids(LUNCH_ID, CHILDREN_IDS) VALUES(1,7);
INSERT INTO lunch_children_ids(LUNCH_ID, CHILDREN_IDS) VALUES(1,8);
INSERT INTO lunch_children_ids(LUNCH_ID, CHILDREN_IDS) VALUES(1,9);
INSERT INTO lunch_children_ids(LUNCH_ID, CHILDREN_IDS) VALUES(1,10);
INSERT INTO lunch_children_ids(LUNCH_ID, CHILDREN_IDS) VALUES(1,11);
INSERT INTO lunch_children_ids(LUNCH_ID, CHILDREN_IDS) VALUES(1,12);
INSERT INTO lunch_children_ids(LUNCH_ID, CHILDREN_IDS) VALUES(1,13);
INSERT INTO lunch_children_ids(LUNCH_ID, CHILDREN_IDS) VALUES(1,14);
INSERT INTO lunch_children_ids(LUNCH_ID, CHILDREN_IDS) VALUES(1,15);

INSERT INTO lunch_children_ids(LUNCH_ID, CHILDREN_IDS) VALUES(2,1);
INSERT INTO lunch_children_ids(LUNCH_ID, CHILDREN_IDS) VALUES(2,2);
INSERT INTO lunch_children_ids(LUNCH_ID, CHILDREN_IDS) VALUES(2,3);
INSERT INTO lunch_children_ids(LUNCH_ID, CHILDREN_IDS) VALUES(2,4);
INSERT INTO lunch_children_ids(LUNCH_ID, CHILDREN_IDS) VALUES(2,5);
INSERT INTO lunch_children_ids(LUNCH_ID, CHILDREN_IDS) VALUES(2,6);
INSERT INTO lunch_children_ids(LUNCH_ID, CHILDREN_IDS) VALUES(2,7);
INSERT INTO lunch_children_ids(LUNCH_ID, CHILDREN_IDS) VALUES(2,8);
INSERT INTO lunch_children_ids(LUNCH_ID, CHILDREN_IDS) VALUES(2,9);
INSERT INTO lunch_children_ids(LUNCH_ID, CHILDREN_IDS) VALUES(2,10);
INSERT INTO lunch_children_ids(LUNCH_ID, CHILDREN_IDS) VALUES(2,11);
INSERT INTO lunch_children_ids(LUNCH_ID, CHILDREN_IDS) VALUES(2,12);
INSERT INTO lunch_children_ids(LUNCH_ID, CHILDREN_IDS) VALUES(2,13);
INSERT INTO lunch_children_ids(LUNCH_ID, CHILDREN_IDS) VALUES(2,14);
INSERT INTO lunch_children_ids(LUNCH_ID, CHILDREN_IDS) VALUES(2,15);

INSERT INTO lunch_children_ids(LUNCH_ID, CHILDREN_IDS) VALUES(3,1);
INSERT INTO lunch_children_ids(LUNCH_ID, CHILDREN_IDS) VALUES(3,2);
INSERT INTO lunch_children_ids(LUNCH_ID, CHILDREN_IDS) VALUES(3,3);
INSERT INTO lunch_children_ids(LUNCH_ID, CHILDREN_IDS) VALUES(3,4);
INSERT INTO lunch_children_ids(LUNCH_ID, CHILDREN_IDS) VALUES(3,5);
INSERT INTO lunch_children_ids(LUNCH_ID, CHILDREN_IDS) VALUES(3,6);
INSERT INTO lunch_children_ids(LUNCH_ID, CHILDREN_IDS) VALUES(3,7);
INSERT INTO lunch_children_ids(LUNCH_ID, CHILDREN_IDS) VALUES(3,8);
INSERT INTO lunch_children_ids(LUNCH_ID, CHILDREN_IDS) VALUES(3,9);
INSERT INTO lunch_children_ids(LUNCH_ID, CHILDREN_IDS) VALUES(3,10);
INSERT INTO lunch_children_ids(LUNCH_ID, CHILDREN_IDS) VALUES(3,11);
INSERT INTO lunch_children_ids(LUNCH_ID, CHILDREN_IDS) VALUES(3,12);
INSERT INTO lunch_children_ids(LUNCH_ID, CHILDREN_IDS) VALUES(3,13);
INSERT INTO lunch_children_ids(LUNCH_ID, CHILDREN_IDS) VALUES(3,14);
INSERT INTO lunch_children_ids(LUNCH_ID, CHILDREN_IDS) VALUES(3,15);

INSERT INTO lunch_children_ids(LUNCH_ID, CHILDREN_IDS) VALUES(4,1);
INSERT INTO lunch_children_ids(LUNCH_ID, CHILDREN_IDS) VALUES(4,2);
INSERT INTO lunch_children_ids(LUNCH_ID, CHILDREN_IDS) VALUES(4,3);
INSERT INTO lunch_children_ids(LUNCH_ID, CHILDREN_IDS) VALUES(4,4);
INSERT INTO lunch_children_ids(LUNCH_ID, CHILDREN_IDS) VALUES(4,5);
INSERT INTO lunch_children_ids(LUNCH_ID, CHILDREN_IDS) VALUES(4,6);
INSERT INTO lunch_children_ids(LUNCH_ID, CHILDREN_IDS) VALUES(4,7);
INSERT INTO lunch_children_ids(LUNCH_ID, CHILDREN_IDS) VALUES(4,8);
INSERT INTO lunch_children_ids(LUNCH_ID, CHILDREN_IDS) VALUES(4,9);
INSERT INTO lunch_children_ids(LUNCH_ID, CHILDREN_IDS) VALUES(4,10);
INSERT INTO lunch_children_ids(LUNCH_ID, CHILDREN_IDS) VALUES(4,11);
INSERT INTO lunch_children_ids(LUNCH_ID, CHILDREN_IDS) VALUES(4,12);
INSERT INTO lunch_children_ids(LUNCH_ID, CHILDREN_IDS) VALUES(4,13);
INSERT INTO lunch_children_ids(LUNCH_ID, CHILDREN_IDS) VALUES(4,14);
INSERT INTO lunch_children_ids(LUNCH_ID, CHILDREN_IDS) VALUES(4,15);

INSERT INTO lunch_children_ids(LUNCH_ID, CHILDREN_IDS) VALUES(5,1);
INSERT INTO lunch_children_ids(LUNCH_ID, CHILDREN_IDS) VALUES(5,2);
INSERT INTO lunch_children_ids(LUNCH_ID, CHILDREN_IDS) VALUES(5,3);
INSERT INTO lunch_children_ids(LUNCH_ID, CHILDREN_IDS) VALUES(5,4);
INSERT INTO lunch_children_ids(LUNCH_ID, CHILDREN_IDS) VALUES(5,5);
INSERT INTO lunch_children_ids(LUNCH_ID, CHILDREN_IDS) VALUES(5,6);
INSERT INTO lunch_children_ids(LUNCH_ID, CHILDREN_IDS) VALUES(5,7);
INSERT INTO lunch_children_ids(LUNCH_ID, CHILDREN_IDS) VALUES(5,8);
INSERT INTO lunch_children_ids(LUNCH_ID, CHILDREN_IDS) VALUES(5,9);
INSERT INTO lunch_children_ids(LUNCH_ID, CHILDREN_IDS) VALUES(5,10);
INSERT INTO lunch_children_ids(LUNCH_ID, CHILDREN_IDS) VALUES(5,11);
INSERT INTO lunch_children_ids(LUNCH_ID, CHILDREN_IDS) VALUES(5,12);
INSERT INTO lunch_children_ids(LUNCH_ID, CHILDREN_IDS) VALUES(5,13);
INSERT INTO lunch_children_ids(LUNCH_ID, CHILDREN_IDS) VALUES(5,14);
INSERT INTO lunch_children_ids(LUNCH_ID, CHILDREN_IDS) VALUES(5,15);

INSERT INTO lunch_children_ids(LUNCH_ID, CHILDREN_IDS) VALUES(6,1);
INSERT INTO lunch_children_ids(LUNCH_ID, CHILDREN_IDS) VALUES(6,2);
INSERT INTO lunch_children_ids(LUNCH_ID, CHILDREN_IDS) VALUES(6,3);
INSERT INTO lunch_children_ids(LUNCH_ID, CHILDREN_IDS) VALUES(6,4);
INSERT INTO lunch_children_ids(LUNCH_ID, CHILDREN_IDS) VALUES(6,5);
INSERT INTO lunch_children_ids(LUNCH_ID, CHILDREN_IDS) VALUES(6,6);
INSERT INTO lunch_children_ids(LUNCH_ID, CHILDREN_IDS) VALUES(6,7);
INSERT INTO lunch_children_ids(LUNCH_ID, CHILDREN_IDS) VALUES(6,8);
INSERT INTO lunch_children_ids(LUNCH_ID, CHILDREN_IDS) VALUES(6,9);
INSERT INTO lunch_children_ids(LUNCH_ID, CHILDREN_IDS) VALUES(6,10);
INSERT INTO lunch_children_ids(LUNCH_ID, CHILDREN_IDS) VALUES(6,11);
INSERT INTO lunch_children_ids(LUNCH_ID, CHILDREN_IDS) VALUES(6,12);
INSERT INTO lunch_children_ids(LUNCH_ID, CHILDREN_IDS) VALUES(6,13);
INSERT INTO lunch_children_ids(LUNCH_ID, CHILDREN_IDS) VALUES(6,14);
INSERT INTO lunch_children_ids(LUNCH_ID, CHILDREN_IDS) VALUES(6,15);

INSERT INTO lunch_children_ids(LUNCH_ID, CHILDREN_IDS) VALUES(6,1);
INSERT INTO lunch_children_ids(LUNCH_ID, CHILDREN_IDS) VALUES(6,2);
INSERT INTO lunch_children_ids(LUNCH_ID, CHILDREN_IDS) VALUES(6,3);
INSERT INTO lunch_children_ids(LUNCH_ID, CHILDREN_IDS) VALUES(6,4);
INSERT INTO lunch_children_ids(LUNCH_ID, CHILDREN_IDS) VALUES(6,5);
INSERT INTO lunch_children_ids(LUNCH_ID, CHILDREN_IDS) VALUES(6,6);
INSERT INTO lunch_children_ids(LUNCH_ID, CHILDREN_IDS) VALUES(6,7);
INSERT INTO lunch_children_ids(LUNCH_ID, CHILDREN_IDS) VALUES(6,8);
INSERT INTO lunch_children_ids(LUNCH_ID, CHILDREN_IDS) VALUES(6,9);
INSERT INTO lunch_children_ids(LUNCH_ID, CHILDREN_IDS) VALUES(6,10);
INSERT INTO lunch_children_ids(LUNCH_ID, CHILDREN_IDS) VALUES(6,11);
INSERT INTO lunch_children_ids(LUNCH_ID, CHILDREN_IDS) VALUES(6,12);
INSERT INTO lunch_children_ids(LUNCH_ID, CHILDREN_IDS) VALUES(6,13);
INSERT INTO lunch_children_ids(LUNCH_ID, CHILDREN_IDS) VALUES(6,14);
INSERT INTO lunch_children_ids(LUNCH_ID, CHILDREN_IDS) VALUES(6,15);

INSERT INTO lunch_children_ids(LUNCH_ID, CHILDREN_IDS) VALUES(7,1);
INSERT INTO lunch_children_ids(LUNCH_ID, CHILDREN_IDS) VALUES(7,2);
INSERT INTO lunch_children_ids(LUNCH_ID, CHILDREN_IDS) VALUES(7,3);
INSERT INTO lunch_children_ids(LUNCH_ID, CHILDREN_IDS) VALUES(7,4);
INSERT INTO lunch_children_ids(LUNCH_ID, CHILDREN_IDS) VALUES(7,5);
INSERT INTO lunch_children_ids(LUNCH_ID, CHILDREN_IDS) VALUES(7,6);
INSERT INTO lunch_children_ids(LUNCH_ID, CHILDREN_IDS) VALUES(7,7);
INSERT INTO lunch_children_ids(LUNCH_ID, CHILDREN_IDS) VALUES(7,8);
INSERT INTO lunch_children_ids(LUNCH_ID, CHILDREN_IDS) VALUES(7,9);
INSERT INTO lunch_children_ids(LUNCH_ID, CHILDREN_IDS) VALUES(7,10);
INSERT INTO lunch_children_ids(LUNCH_ID, CHILDREN_IDS) VALUES(7,11);
INSERT INTO lunch_children_ids(LUNCH_ID, CHILDREN_IDS) VALUES(7,12);
INSERT INTO lunch_children_ids(LUNCH_ID, CHILDREN_IDS) VALUES(7,13);
INSERT INTO lunch_children_ids(LUNCH_ID, CHILDREN_IDS) VALUES(7,14);
INSERT INTO lunch_children_ids(LUNCH_ID, CHILDREN_IDS) VALUES(7,15);

INSERT INTO lunch_children_ids(LUNCH_ID, CHILDREN_IDS) VALUES(8,1);
INSERT INTO lunch_children_ids(LUNCH_ID, CHILDREN_IDS) VALUES(8,2);
INSERT INTO lunch_children_ids(LUNCH_ID, CHILDREN_IDS) VALUES(8,3);
INSERT INTO lunch_children_ids(LUNCH_ID, CHILDREN_IDS) VALUES(8,4);
INSERT INTO lunch_children_ids(LUNCH_ID, CHILDREN_IDS) VALUES(8,5);
INSERT INTO lunch_children_ids(LUNCH_ID, CHILDREN_IDS) VALUES(8,6);
INSERT INTO lunch_children_ids(LUNCH_ID, CHILDREN_IDS) VALUES(8,7);
INSERT INTO lunch_children_ids(LUNCH_ID, CHILDREN_IDS) VALUES(8,8);
INSERT INTO lunch_children_ids(LUNCH_ID, CHILDREN_IDS) VALUES(8,9);
INSERT INTO lunch_children_ids(LUNCH_ID, CHILDREN_IDS) VALUES(8,10);
INSERT INTO lunch_children_ids(LUNCH_ID, CHILDREN_IDS) VALUES(8,11);
INSERT INTO lunch_children_ids(LUNCH_ID, CHILDREN_IDS) VALUES(8,12);
INSERT INTO lunch_children_ids(LUNCH_ID, CHILDREN_IDS) VALUES(8,13);
INSERT INTO lunch_children_ids(LUNCH_ID, CHILDREN_IDS) VALUES(8,14);
INSERT INTO lunch_children_ids(LUNCH_ID, CHILDREN_IDS) VALUES(8,15);

INSERT INTO lunch_children_ids(LUNCH_ID, CHILDREN_IDS) VALUES(9,1);
INSERT INTO lunch_children_ids(LUNCH_ID, CHILDREN_IDS) VALUES(9,2);
INSERT INTO lunch_children_ids(LUNCH_ID, CHILDREN_IDS) VALUES(9,3);
INSERT INTO lunch_children_ids(LUNCH_ID, CHILDREN_IDS) VALUES(9,4);
INSERT INTO lunch_children_ids(LUNCH_ID, CHILDREN_IDS) VALUES(9,5);
INSERT INTO lunch_children_ids(LUNCH_ID, CHILDREN_IDS) VALUES(9,6);
INSERT INTO lunch_children_ids(LUNCH_ID, CHILDREN_IDS) VALUES(9,7);
INSERT INTO lunch_children_ids(LUNCH_ID, CHILDREN_IDS) VALUES(9,8);
INSERT INTO lunch_children_ids(LUNCH_ID, CHILDREN_IDS) VALUES(9,9);
INSERT INTO lunch_children_ids(LUNCH_ID, CHILDREN_IDS) VALUES(9,10);
INSERT INTO lunch_children_ids(LUNCH_ID, CHILDREN_IDS) VALUES(9,11);
INSERT INTO lunch_children_ids(LUNCH_ID, CHILDREN_IDS) VALUES(9,12);
INSERT INTO lunch_children_ids(LUNCH_ID, CHILDREN_IDS) VALUES(9,13);
INSERT INTO lunch_children_ids(LUNCH_ID, CHILDREN_IDS) VALUES(9,14);
INSERT INTO lunch_children_ids(LUNCH_ID, CHILDREN_IDS) VALUES(9,15);

INSERT INTO lunch_children_ids(LUNCH_ID, CHILDREN_IDS) VALUES(10,1);
INSERT INTO lunch_children_ids(LUNCH_ID, CHILDREN_IDS) VALUES(10,2);
INSERT INTO lunch_children_ids(LUNCH_ID, CHILDREN_IDS) VALUES(10,3);
INSERT INTO lunch_children_ids(LUNCH_ID, CHILDREN_IDS) VALUES(10,4);
INSERT INTO lunch_children_ids(LUNCH_ID, CHILDREN_IDS) VALUES(10,5);
INSERT INTO lunch_children_ids(LUNCH_ID, CHILDREN_IDS) VALUES(10,6);
INSERT INTO lunch_children_ids(LUNCH_ID, CHILDREN_IDS) VALUES(10,7);
INSERT INTO lunch_children_ids(LUNCH_ID, CHILDREN_IDS) VALUES(10,8);
INSERT INTO lunch_children_ids(LUNCH_ID, CHILDREN_IDS) VALUES(10,9);
INSERT INTO lunch_children_ids(LUNCH_ID, CHILDREN_IDS) VALUES(10,10);
INSERT INTO lunch_children_ids(LUNCH_ID, CHILDREN_IDS) VALUES(10,11);
INSERT INTO lunch_children_ids(LUNCH_ID, CHILDREN_IDS) VALUES(10,12);
INSERT INTO lunch_children_ids(LUNCH_ID, CHILDREN_IDS) VALUES(10,13);
INSERT INTO lunch_children_ids(LUNCH_ID, CHILDREN_IDS) VALUES(10,14);
INSERT INTO lunch_children_ids(LUNCH_ID, CHILDREN_IDS) VALUES(10,15);

INSERT INTO lunch_children_ids(LUNCH_ID, CHILDREN_IDS) VALUES(11,1);
INSERT INTO lunch_children_ids(LUNCH_ID, CHILDREN_IDS) VALUES(11,2);
INSERT INTO lunch_children_ids(LUNCH_ID, CHILDREN_IDS) VALUES(11,3);
INSERT INTO lunch_children_ids(LUNCH_ID, CHILDREN_IDS) VALUES(11,4);
INSERT INTO lunch_children_ids(LUNCH_ID, CHILDREN_IDS) VALUES(11,5);
INSERT INTO lunch_children_ids(LUNCH_ID, CHILDREN_IDS) VALUES(11,6);
INSERT INTO lunch_children_ids(LUNCH_ID, CHILDREN_IDS) VALUES(11,7);
INSERT INTO lunch_children_ids(LUNCH_ID, CHILDREN_IDS) VALUES(11,8);
INSERT INTO lunch_children_ids(LUNCH_ID, CHILDREN_IDS) VALUES(11,9);
INSERT INTO lunch_children_ids(LUNCH_ID, CHILDREN_IDS) VALUES(11,10);
INSERT INTO lunch_children_ids(LUNCH_ID, CHILDREN_IDS) VALUES(11,11);
INSERT INTO lunch_children_ids(LUNCH_ID, CHILDREN_IDS) VALUES(11,12);
INSERT INTO lunch_children_ids(LUNCH_ID, CHILDREN_IDS) VALUES(11,13);
INSERT INTO lunch_children_ids(LUNCH_ID, CHILDREN_IDS) VALUES(11,14);
INSERT INTO lunch_children_ids(LUNCH_ID, CHILDREN_IDS) VALUES(11,15);

INSERT INTO lunch_children_ids(LUNCH_ID, CHILDREN_IDS) VALUES(12,1);
INSERT INTO lunch_children_ids(LUNCH_ID, CHILDREN_IDS) VALUES(12,2);
INSERT INTO lunch_children_ids(LUNCH_ID, CHILDREN_IDS) VALUES(12,3);
INSERT INTO lunch_children_ids(LUNCH_ID, CHILDREN_IDS) VALUES(12,4);
INSERT INTO lunch_children_ids(LUNCH_ID, CHILDREN_IDS) VALUES(12,5);
INSERT INTO lunch_children_ids(LUNCH_ID, CHILDREN_IDS) VALUES(12,6);
INSERT INTO lunch_children_ids(LUNCH_ID, CHILDREN_IDS) VALUES(12,7);
INSERT INTO lunch_children_ids(LUNCH_ID, CHILDREN_IDS) VALUES(12,8);
INSERT INTO lunch_children_ids(LUNCH_ID, CHILDREN_IDS) VALUES(12,9);
INSERT INTO lunch_children_ids(LUNCH_ID, CHILDREN_IDS) VALUES(12,10);
INSERT INTO lunch_children_ids(LUNCH_ID, CHILDREN_IDS) VALUES(12,11);
INSERT INTO lunch_children_ids(LUNCH_ID, CHILDREN_IDS) VALUES(12,12);
INSERT INTO lunch_children_ids(LUNCH_ID, CHILDREN_IDS) VALUES(12,13);
INSERT INTO lunch_children_ids(LUNCH_ID, CHILDREN_IDS) VALUES(12,14);
INSERT INTO lunch_children_ids(LUNCH_ID, CHILDREN_IDS) VALUES(12,15);

INSERT INTO lunch_children_ids(LUNCH_ID, CHILDREN_IDS) VALUES(13,1);
INSERT INTO lunch_children_ids(LUNCH_ID, CHILDREN_IDS) VALUES(13,2);
INSERT INTO lunch_children_ids(LUNCH_ID, CHILDREN_IDS) VALUES(13,3);
INSERT INTO lunch_children_ids(LUNCH_ID, CHILDREN_IDS) VALUES(13,4);
INSERT INTO lunch_children_ids(LUNCH_ID, CHILDREN_IDS) VALUES(13,5);
INSERT INTO lunch_children_ids(LUNCH_ID, CHILDREN_IDS) VALUES(13,6);
INSERT INTO lunch_children_ids(LUNCH_ID, CHILDREN_IDS) VALUES(13,7);
INSERT INTO lunch_children_ids(LUNCH_ID, CHILDREN_IDS) VALUES(13,8);
INSERT INTO lunch_children_ids(LUNCH_ID, CHILDREN_IDS) VALUES(13,9);
INSERT INTO lunch_children_ids(LUNCH_ID, CHILDREN_IDS) VALUES(13,10);
INSERT INTO lunch_children_ids(LUNCH_ID, CHILDREN_IDS) VALUES(13,11);
INSERT INTO lunch_children_ids(LUNCH_ID, CHILDREN_IDS) VALUES(13,12);
INSERT INTO lunch_children_ids(LUNCH_ID, CHILDREN_IDS) VALUES(13,13);
INSERT INTO lunch_children_ids(LUNCH_ID, CHILDREN_IDS) VALUES(13,14);
INSERT INTO lunch_children_ids(LUNCH_ID, CHILDREN_IDS) VALUES(13,15);

INSERT INTO lunch_children_ids(LUNCH_ID, CHILDREN_IDS) VALUES(14,1);
INSERT INTO lunch_children_ids(LUNCH_ID, CHILDREN_IDS) VALUES(14,2);
INSERT INTO lunch_children_ids(LUNCH_ID, CHILDREN_IDS) VALUES(14,3);
INSERT INTO lunch_children_ids(LUNCH_ID, CHILDREN_IDS) VALUES(14,4);
INSERT INTO lunch_children_ids(LUNCH_ID, CHILDREN_IDS) VALUES(14,5);
INSERT INTO lunch_children_ids(LUNCH_ID, CHILDREN_IDS) VALUES(14,6);
INSERT INTO lunch_children_ids(LUNCH_ID, CHILDREN_IDS) VALUES(14,7);
INSERT INTO lunch_children_ids(LUNCH_ID, CHILDREN_IDS) VALUES(14,8);
INSERT INTO lunch_children_ids(LUNCH_ID, CHILDREN_IDS) VALUES(14,9);
INSERT INTO lunch_children_ids(LUNCH_ID, CHILDREN_IDS) VALUES(14,10);
INSERT INTO lunch_children_ids(LUNCH_ID, CHILDREN_IDS) VALUES(14,11);
INSERT INTO lunch_children_ids(LUNCH_ID, CHILDREN_IDS) VALUES(14,12);
INSERT INTO lunch_children_ids(LUNCH_ID, CHILDREN_IDS) VALUES(14,13);
INSERT INTO lunch_children_ids(LUNCH_ID, CHILDREN_IDS) VALUES(14,14);
INSERT INTO lunch_children_ids(LUNCH_ID, CHILDREN_IDS) VALUES(14,15);

INSERT INTO lunch_children_ids(LUNCH_ID, CHILDREN_IDS) VALUES(15,1);
INSERT INTO lunch_children_ids(LUNCH_ID, CHILDREN_IDS) VALUES(15,2);
INSERT INTO lunch_children_ids(LUNCH_ID, CHILDREN_IDS) VALUES(15,3);
INSERT INTO lunch_children_ids(LUNCH_ID, CHILDREN_IDS) VALUES(15,4);
INSERT INTO lunch_children_ids(LUNCH_ID, CHILDREN_IDS) VALUES(15,5);
INSERT INTO lunch_children_ids(LUNCH_ID, CHILDREN_IDS) VALUES(15,6);
INSERT INTO lunch_children_ids(LUNCH_ID, CHILDREN_IDS) VALUES(15,7);
INSERT INTO lunch_children_ids(LUNCH_ID, CHILDREN_IDS) VALUES(15,8);
INSERT INTO lunch_children_ids(LUNCH_ID, CHILDREN_IDS) VALUES(15,9);
INSERT INTO lunch_children_ids(LUNCH_ID, CHILDREN_IDS) VALUES(15,10);
INSERT INTO lunch_children_ids(LUNCH_ID, CHILDREN_IDS) VALUES(15,11);
INSERT INTO lunch_children_ids(LUNCH_ID, CHILDREN_IDS) VALUES(15,12);
INSERT INTO lunch_children_ids(LUNCH_ID, CHILDREN_IDS) VALUES(15,13);
INSERT INTO lunch_children_ids(LUNCH_ID, CHILDREN_IDS) VALUES(15,14);
INSERT INTO lunch_children_ids(LUNCH_ID, CHILDREN_IDS) VALUES(15,15);

INSERT INTO registration (BRINGDATE, DATE, NOTE, CHILD_ID) VALUES('2017-06-01 09:00:00', '2017-06-01 02:00:00','',1);
INSERT INTO registration (BRINGDATE, DATE, NOTE, CHILD_ID) VALUES('2017-06-01 09:00:00', '2017-06-01 02:00:00','',2);
INSERT INTO registration (BRINGDATE, DATE, NOTE, CHILD_ID) VALUES('2017-06-01 09:00:00', '2017-06-01 02:00:00','',3);
INSERT INTO registration (BRINGDATE, DATE, NOTE, CHILD_ID) VALUES('2017-06-01 09:00:00', '2017-06-01 02:00:00','',4);
INSERT INTO registration (BRINGDATE, DATE, NOTE, CHILD_ID) VALUES('2017-06-01 09:00:00', '2017-06-01 02:00:00','',5);
INSERT INTO registration (BRINGDATE, DATE, NOTE, CHILD_ID) VALUES('2017-06-01 09:00:00', '2017-06-01 02:00:00','',6);
INSERT INTO registration (BRINGDATE, DATE, NOTE, CHILD_ID) VALUES('2017-06-01 09:00:00', '2017-06-01 02:00:00','',7);
INSERT INTO registration (BRINGDATE, DATE, NOTE, CHILD_ID) VALUES('2017-06-01 09:00:00', '2017-06-01 02:00:00','',8);
INSERT INTO registration (BRINGDATE, DATE, NOTE, CHILD_ID) VALUES('2017-06-01 09:00:00', '2017-06-01 02:00:00','',9);
INSERT INTO registration (BRINGDATE, DATE, NOTE, CHILD_ID) VALUES('2017-06-01 09:00:00', '2017-06-01 02:00:00','',10);
INSERT INTO registration (BRINGDATE, DATE, NOTE, CHILD_ID) VALUES('2017-06-01 09:00:00', '2017-06-01 02:00:00','',11);
INSERT INTO registration (BRINGDATE, DATE, NOTE, CHILD_ID) VALUES('2017-06-01 09:00:00', '2017-06-01 02:00:00','',12);
INSERT INTO registration (BRINGDATE, DATE, NOTE, CHILD_ID) VALUES('2017-06-01 09:00:00', '2017-06-01 02:00:00','',13);
INSERT INTO registration (BRINGDATE, DATE, NOTE, CHILD_ID) VALUES('2017-06-01 09:00:00', '2017-06-01 02:00:00','',14);
INSERT INTO registration (BRINGDATE, DATE, NOTE, CHILD_ID) VALUES('2017-06-01 09:00:00', '2017-06-01 02:00:00','',15);

INSERT INTO registration (BRINGDATE, DATE, NOTE, CHILD_ID) VALUES('2017-06-02 09:00:00', '2017-06-02 02:00:00','',1);
INSERT INTO registration (BRINGDATE, DATE, NOTE, CHILD_ID) VALUES('2017-06-02 09:00:00', '2017-06-02 02:00:00','',2);
INSERT INTO registration (BRINGDATE, DATE, NOTE, CHILD_ID) VALUES('2017-06-02 09:00:00', '2017-06-02 02:00:00','',3);
INSERT INTO registration (BRINGDATE, DATE, NOTE, CHILD_ID) VALUES('2017-06-02 09:00:00', '2017-06-02 02:00:00','',4);
INSERT INTO registration (BRINGDATE, DATE, NOTE, CHILD_ID) VALUES('2017-06-02 09:00:00', '2017-06-02 02:00:00','',5);
INSERT INTO registration (BRINGDATE, DATE, NOTE, CHILD_ID) VALUES('2017-06-02 09:00:00', '2017-06-02 02:00:00','',6);
INSERT INTO registration (BRINGDATE, DATE, NOTE, CHILD_ID) VALUES('2017-06-02 09:00:00', '2017-06-02 02:00:00','',7);
INSERT INTO registration (BRINGDATE, DATE, NOTE, CHILD_ID) VALUES('2017-06-02 09:00:00', '2017-06-02 02:00:00','',8);
INSERT INTO registration (BRINGDATE, DATE, NOTE, CHILD_ID) VALUES('2017-06-02 09:00:00', '2017-06-02 02:00:00','',9);
INSERT INTO registration (BRINGDATE, DATE, NOTE, CHILD_ID) VALUES('2017-06-02 09:00:00', '2017-06-02 02:00:00','',10);
INSERT INTO registration (BRINGDATE, DATE, NOTE, CHILD_ID) VALUES('2017-06-02 09:00:00', '2017-06-02 02:00:00','',11);
INSERT INTO registration (BRINGDATE, DATE, NOTE, CHILD_ID) VALUES('2017-06-02 09:00:00', '2017-06-02 02:00:00','',12);
INSERT INTO registration (BRINGDATE, DATE, NOTE, CHILD_ID) VALUES('2017-06-02 09:00:00', '2017-06-02 02:00:00','',13);
INSERT INTO registration (BRINGDATE, DATE, NOTE, CHILD_ID) VALUES('2017-06-02 09:00:00', '2017-06-02 02:00:00','',14);
INSERT INTO registration (BRINGDATE, DATE, NOTE, CHILD_ID) VALUES('2017-06-02 09:00:00', '2017-06-02 02:00:00','',15);

INSERT INTO registration (BRINGDATE, DATE, NOTE, CHILD_ID) VALUES('2017-06-07 09:00:00', '2017-06-07 02:00:00','',1);
INSERT INTO registration (BRINGDATE, DATE, NOTE, CHILD_ID) VALUES('2017-06-07 09:00:00', '2017-06-07 02:00:00','',2);
INSERT INTO registration (BRINGDATE, DATE, NOTE, CHILD_ID) VALUES('2017-06-07 09:00:00', '2017-06-07 02:00:00','',3);
INSERT INTO registration (BRINGDATE, DATE, NOTE, CHILD_ID) VALUES('2017-06-07 09:00:00', '2017-06-07 02:00:00','',4);
INSERT INTO registration (BRINGDATE, DATE, NOTE, CHILD_ID) VALUES('2017-06-07 09:00:00', '2017-06-07 02:00:00','',5);
INSERT INTO registration (BRINGDATE, DATE, NOTE, CHILD_ID) VALUES('2017-06-07 09:00:00', '2017-06-07 02:00:00','',6);
INSERT INTO registration (BRINGDATE, DATE, NOTE, CHILD_ID) VALUES('2017-06-07 09:00:00', '2017-06-07 02:00:00','',7);
INSERT INTO registration (BRINGDATE, DATE, NOTE, CHILD_ID) VALUES('2017-06-07 09:00:00', '2017-06-07 02:00:00','',8);
INSERT INTO registration (BRINGDATE, DATE, NOTE, CHILD_ID) VALUES('2017-06-07 09:00:00', '2017-06-07 02:00:00','',9);
INSERT INTO registration (BRINGDATE, DATE, NOTE, CHILD_ID) VALUES('2017-06-07 09:00:00', '2017-06-07 02:00:00','',10);
INSERT INTO registration (BRINGDATE, DATE, NOTE, CHILD_ID) VALUES('2017-06-07 09:00:00', '2017-06-07 02:00:00','',11);
INSERT INTO registration (BRINGDATE, DATE, NOTE, CHILD_ID) VALUES('2017-06-07 09:00:00', '2017-06-07 02:00:00','',12);
INSERT INTO registration (BRINGDATE, DATE, NOTE, CHILD_ID) VALUES('2017-06-07 09:00:00', '2017-06-07 02:00:00','',13);
INSERT INTO registration (BRINGDATE, DATE, NOTE, CHILD_ID) VALUES('2017-06-07 09:00:00', '2017-06-07 02:00:00','',14);
INSERT INTO registration (BRINGDATE, DATE, NOTE, CHILD_ID) VALUES('2017-06-07 09:00:00', '2017-06-07 02:00:00','',15);

INSERT INTO registration (BRINGDATE, DATE, NOTE, CHILD_ID) VALUES('2017-06-08 09:00:00', '2017-06-08 02:00:00','',1);
INSERT INTO registration (BRINGDATE, DATE, NOTE, CHILD_ID) VALUES('2017-06-08 09:00:00', '2017-06-08 02:00:00','',2);
INSERT INTO registration (BRINGDATE, DATE, NOTE, CHILD_ID) VALUES('2017-06-08 09:00:00', '2017-06-08 02:00:00','',3);
INSERT INTO registration (BRINGDATE, DATE, NOTE, CHILD_ID) VALUES('2017-06-08 09:00:00', '2017-06-08 02:00:00','',4);
INSERT INTO registration (BRINGDATE, DATE, NOTE, CHILD_ID) VALUES('2017-06-08 09:00:00', '2017-06-08 02:00:00','',5);
INSERT INTO registration (BRINGDATE, DATE, NOTE, CHILD_ID) VALUES('2017-06-08 09:00:00', '2017-06-08 02:00:00','',6);
INSERT INTO registration (BRINGDATE, DATE, NOTE, CHILD_ID) VALUES('2017-06-08 09:00:00', '2017-06-08 02:00:00','',7);
INSERT INTO registration (BRINGDATE, DATE, NOTE, CHILD_ID) VALUES('2017-06-08 09:00:00', '2017-06-08 02:00:00','',8);
INSERT INTO registration (BRINGDATE, DATE, NOTE, CHILD_ID) VALUES('2017-06-08 09:00:00', '2017-06-08 02:00:00','',9);
INSERT INTO registration (BRINGDATE, DATE, NOTE, CHILD_ID) VALUES('2017-06-08 09:00:00', '2017-06-08 02:00:00','',10);
INSERT INTO registration (BRINGDATE, DATE, NOTE, CHILD_ID) VALUES('2017-06-08 09:00:00', '2017-06-08 02:00:00','',11);
INSERT INTO registration (BRINGDATE, DATE, NOTE, CHILD_ID) VALUES('2017-06-08 09:00:00', '2017-06-08 02:00:00','',12);
INSERT INTO registration (BRINGDATE, DATE, NOTE, CHILD_ID) VALUES('2017-06-08 09:00:00', '2017-06-08 02:00:00','',13);
INSERT INTO registration (BRINGDATE, DATE, NOTE, CHILD_ID) VALUES('2017-06-08 09:00:00', '2017-06-08 02:00:00','',14);
INSERT INTO registration (BRINGDATE, DATE, NOTE, CHILD_ID) VALUES('2017-06-08 09:00:00', '2017-06-08 02:00:00','',15);

INSERT INTO registration (BRINGDATE, DATE, NOTE, CHILD_ID) VALUES('2017-06-09 09:00:00', '2017-06-09 02:00:00','',1);
INSERT INTO registration (BRINGDATE, DATE, NOTE, CHILD_ID) VALUES('2017-06-09 09:00:00', '2017-06-09 02:00:00','',2);
INSERT INTO registration (BRINGDATE, DATE, NOTE, CHILD_ID) VALUES('2017-06-09 09:00:00', '2017-06-09 02:00:00','',3);
INSERT INTO registration (BRINGDATE, DATE, NOTE, CHILD_ID) VALUES('2017-06-09 09:00:00', '2017-06-09 02:00:00','',4);
INSERT INTO registration (BRINGDATE, DATE, NOTE, CHILD_ID) VALUES('2017-06-09 09:00:00', '2017-06-09 02:00:00','',5);
INSERT INTO registration (BRINGDATE, DATE, NOTE, CHILD_ID) VALUES('2017-06-09 09:00:00', '2017-06-09 02:00:00','',6);
INSERT INTO registration (BRINGDATE, DATE, NOTE, CHILD_ID) VALUES('2017-06-09 09:00:00', '2017-06-09 02:00:00','',7);
INSERT INTO registration (BRINGDATE, DATE, NOTE, CHILD_ID) VALUES('2017-06-09 09:00:00', '2017-06-09 02:00:00','',8);
INSERT INTO registration (BRINGDATE, DATE, NOTE, CHILD_ID) VALUES('2017-06-09 09:00:00', '2017-06-09 02:00:00','',9);
INSERT INTO registration (BRINGDATE, DATE, NOTE, CHILD_ID) VALUES('2017-06-09 09:00:00', '2017-06-09 02:00:00','',10);
INSERT INTO registration (BRINGDATE, DATE, NOTE, CHILD_ID) VALUES('2017-06-09 09:00:00', '2017-06-09 02:00:00','',11);
INSERT INTO registration (BRINGDATE, DATE, NOTE, CHILD_ID) VALUES('2017-06-09 09:00:00', '2017-06-09 02:00:00','',12);
INSERT INTO registration (BRINGDATE, DATE, NOTE, CHILD_ID) VALUES('2017-06-09 09:00:00', '2017-06-09 02:00:00','',13);
INSERT INTO registration (BRINGDATE, DATE, NOTE, CHILD_ID) VALUES('2017-06-09 09:00:00', '2017-06-09 02:00:00','',14);
INSERT INTO registration (BRINGDATE, DATE, NOTE, CHILD_ID) VALUES('2017-06-09 09:00:00', '2017-06-09 02:00:00','',15);

INSERT INTO registration (BRINGDATE, DATE, NOTE, CHILD_ID) VALUES('2017-06-12 09:00:00', '2017-06-12 02:00:00','',1);
INSERT INTO registration (BRINGDATE, DATE, NOTE, CHILD_ID) VALUES('2017-06-12 09:00:00', '2017-06-12 02:00:00','',2);
INSERT INTO registration (BRINGDATE, DATE, NOTE, CHILD_ID) VALUES('2017-06-12 09:00:00', '2017-06-12 02:00:00','',3);
INSERT INTO registration (BRINGDATE, DATE, NOTE, CHILD_ID) VALUES('2017-06-12 09:00:00', '2017-06-12 02:00:00','',4);
INSERT INTO registration (BRINGDATE, DATE, NOTE, CHILD_ID) VALUES('2017-06-12 09:00:00', '2017-06-12 02:00:00','',5);
INSERT INTO registration (BRINGDATE, DATE, NOTE, CHILD_ID) VALUES('2017-06-12 09:00:00', '2017-06-12 02:00:00','',6);
INSERT INTO registration (BRINGDATE, DATE, NOTE, CHILD_ID) VALUES('2017-06-12 09:00:00', '2017-06-12 02:00:00','',7);
INSERT INTO registration (BRINGDATE, DATE, NOTE, CHILD_ID) VALUES('2017-06-12 09:00:00', '2017-06-12 02:00:00','',8);
INSERT INTO registration (BRINGDATE, DATE, NOTE, CHILD_ID) VALUES('2017-06-12 09:00:00', '2017-06-12 02:00:00','',9);
INSERT INTO registration (BRINGDATE, DATE, NOTE, CHILD_ID) VALUES('2017-06-12 09:00:00', '2017-06-12 02:00:00','',10);
INSERT INTO registration (BRINGDATE, DATE, NOTE, CHILD_ID) VALUES('2017-06-12 09:00:00', '2017-06-12 02:00:00','',11);
INSERT INTO registration (BRINGDATE, DATE, NOTE, CHILD_ID) VALUES('2017-06-12 09:00:00', '2017-06-12 02:00:00','',12);
INSERT INTO registration (BRINGDATE, DATE, NOTE, CHILD_ID) VALUES('2017-06-12 09:00:00', '2017-06-12 02:00:00','',13);
INSERT INTO registration (BRINGDATE, DATE, NOTE, CHILD_ID) VALUES('2017-06-12 09:00:00', '2017-06-12 02:00:00','',14);
INSERT INTO registration (BRINGDATE, DATE, NOTE, CHILD_ID) VALUES('2017-06-12 09:00:00', '2017-06-12 02:00:00','',15);

INSERT INTO registration (BRINGDATE, DATE, NOTE, CHILD_ID) VALUES('2017-06-13 09:00:00', '2017-06-13 02:00:00','',1);
INSERT INTO registration (BRINGDATE, DATE, NOTE, CHILD_ID) VALUES('2017-06-13 09:00:00', '2017-06-13 02:00:00','',2);
INSERT INTO registration (BRINGDATE, DATE, NOTE, CHILD_ID) VALUES('2017-06-13 09:00:00', '2017-06-13 02:00:00','',3);
INSERT INTO registration (BRINGDATE, DATE, NOTE, CHILD_ID) VALUES('2017-06-13 09:00:00', '2017-06-13 02:00:00','',4);
INSERT INTO registration (BRINGDATE, DATE, NOTE, CHILD_ID) VALUES('2017-06-13 09:00:00', '2017-06-13 02:00:00','',5);
INSERT INTO registration (BRINGDATE, DATE, NOTE, CHILD_ID) VALUES('2017-06-13 09:00:00', '2017-06-13 02:00:00','',6);
INSERT INTO registration (BRINGDATE, DATE, NOTE, CHILD_ID) VALUES('2017-06-13 09:00:00', '2017-06-13 02:00:00','',7);
INSERT INTO registration (BRINGDATE, DATE, NOTE, CHILD_ID) VALUES('2017-06-13 09:00:00', '2017-06-13 02:00:00','',8);
INSERT INTO registration (BRINGDATE, DATE, NOTE, CHILD_ID) VALUES('2017-06-13 09:00:00', '2017-06-13 02:00:00','',9);
INSERT INTO registration (BRINGDATE, DATE, NOTE, CHILD_ID) VALUES('2017-06-13 09:00:00', '2017-06-13 02:00:00','',10);
INSERT INTO registration (BRINGDATE, DATE, NOTE, CHILD_ID) VALUES('2017-06-13 09:00:00', '2017-06-13 02:00:00','',11);
INSERT INTO registration (BRINGDATE, DATE, NOTE, CHILD_ID) VALUES('2017-06-13 09:00:00', '2017-06-13 02:00:00','',12);
INSERT INTO registration (BRINGDATE, DATE, NOTE, CHILD_ID) VALUES('2017-06-13 09:00:00', '2017-06-13 02:00:00','',13);
INSERT INTO registration (BRINGDATE, DATE, NOTE, CHILD_ID) VALUES('2017-06-13 09:00:00', '2017-06-13 02:00:00','',14);
INSERT INTO registration (BRINGDATE, DATE, NOTE, CHILD_ID) VALUES('2017-06-13 09:00:00', '2017-06-13 02:00:00','',15);

INSERT INTO registration (BRINGDATE, DATE, NOTE, CHILD_ID) VALUES('2017-06-14 09:00:00', '2017-06-14 02:00:00','',1);
INSERT INTO registration (BRINGDATE, DATE, NOTE, CHILD_ID) VALUES('2017-06-14 09:00:00', '2017-06-14 02:00:00','',2);
INSERT INTO registration (BRINGDATE, DATE, NOTE, CHILD_ID) VALUES('2017-06-14 09:00:00', '2017-06-14 02:00:00','',3);
INSERT INTO registration (BRINGDATE, DATE, NOTE, CHILD_ID) VALUES('2017-06-14 09:00:00', '2017-06-14 02:00:00','',4);
INSERT INTO registration (BRINGDATE, DATE, NOTE, CHILD_ID) VALUES('2017-06-14 09:00:00', '2017-06-14 02:00:00','',5);
INSERT INTO registration (BRINGDATE, DATE, NOTE, CHILD_ID) VALUES('2017-06-14 09:00:00', '2017-06-14 02:00:00','',6);
INSERT INTO registration (BRINGDATE, DATE, NOTE, CHILD_ID) VALUES('2017-06-14 09:00:00', '2017-06-14 02:00:00','',7);
INSERT INTO registration (BRINGDATE, DATE, NOTE, CHILD_ID) VALUES('2017-06-14 09:00:00', '2017-06-14 02:00:00','',8);
INSERT INTO registration (BRINGDATE, DATE, NOTE, CHILD_ID) VALUES('2017-06-14 09:00:00', '2017-06-14 02:00:00','',9);
INSERT INTO registration (BRINGDATE, DATE, NOTE, CHILD_ID) VALUES('2017-06-14 09:00:00', '2017-06-14 02:00:00','',10);
INSERT INTO registration (BRINGDATE, DATE, NOTE, CHILD_ID) VALUES('2017-06-14 09:00:00', '2017-06-14 02:00:00','',11);
INSERT INTO registration (BRINGDATE, DATE, NOTE, CHILD_ID) VALUES('2017-06-14 09:00:00', '2017-06-14 02:00:00','',12);
INSERT INTO registration (BRINGDATE, DATE, NOTE, CHILD_ID) VALUES('2017-06-14 09:00:00', '2017-06-14 02:00:00','',13);
INSERT INTO registration (BRINGDATE, DATE, NOTE, CHILD_ID) VALUES('2017-06-14 09:00:00', '2017-06-14 02:00:00','',14);
INSERT INTO registration (BRINGDATE, DATE, NOTE, CHILD_ID) VALUES('2017-06-14 09:00:00', '2017-06-14 02:00:00','',15);

INSERT INTO registration (BRINGDATE, DATE, NOTE, CHILD_ID) VALUES('2017-06-16 09:00:00', '2017-06-16 02:00:00','',1);
INSERT INTO registration (BRINGDATE, DATE, NOTE, CHILD_ID) VALUES('2017-06-16 09:00:00', '2017-06-16 02:00:00','',2);
INSERT INTO registration (BRINGDATE, DATE, NOTE, CHILD_ID) VALUES('2017-06-16 09:00:00', '2017-06-16 02:00:00','',3);
INSERT INTO registration (BRINGDATE, DATE, NOTE, CHILD_ID) VALUES('2017-06-16 09:00:00', '2017-06-16 02:00:00','',4);
INSERT INTO registration (BRINGDATE, DATE, NOTE, CHILD_ID) VALUES('2017-06-16 09:00:00', '2017-06-16 02:00:00','',5);
INSERT INTO registration (BRINGDATE, DATE, NOTE, CHILD_ID) VALUES('2017-06-16 09:00:00', '2017-06-16 02:00:00','',6);
INSERT INTO registration (BRINGDATE, DATE, NOTE, CHILD_ID) VALUES('2017-06-16 09:00:00', '2017-06-16 02:00:00','',7);
INSERT INTO registration (BRINGDATE, DATE, NOTE, CHILD_ID) VALUES('2017-06-16 09:00:00', '2017-06-16 02:00:00','',8);
INSERT INTO registration (BRINGDATE, DATE, NOTE, CHILD_ID) VALUES('2017-06-16 09:00:00', '2017-06-16 02:00:00','',9);
INSERT INTO registration (BRINGDATE, DATE, NOTE, CHILD_ID) VALUES('2017-06-16 09:00:00', '2017-06-16 02:00:00','',10);
INSERT INTO registration (BRINGDATE, DATE, NOTE, CHILD_ID) VALUES('2017-06-16 09:00:00', '2017-06-16 02:00:00','',11);
INSERT INTO registration (BRINGDATE, DATE, NOTE, CHILD_ID) VALUES('2017-06-16 09:00:00', '2017-06-16 02:00:00','',12);
INSERT INTO registration (BRINGDATE, DATE, NOTE, CHILD_ID) VALUES('2017-06-16 09:00:00', '2017-06-16 02:00:00','',13);
INSERT INTO registration (BRINGDATE, DATE, NOTE, CHILD_ID) VALUES('2017-06-16 09:00:00', '2017-06-16 02:00:00','',14);
INSERT INTO registration (BRINGDATE, DATE, NOTE, CHILD_ID) VALUES('2017-06-16 09:00:00', '2017-06-16 02:00:00','',15);

INSERT INTO registration (BRINGDATE, DATE, NOTE, CHILD_ID) VALUES('2017-06-19 09:00:00', '2017-06-19 02:00:00','',1);
INSERT INTO registration (BRINGDATE, DATE, NOTE, CHILD_ID) VALUES('2017-06-19 09:00:00', '2017-06-19 02:00:00','',2);
INSERT INTO registration (BRINGDATE, DATE, NOTE, CHILD_ID) VALUES('2017-06-19 09:00:00', '2017-06-19 02:00:00','',3);
INSERT INTO registration (BRINGDATE, DATE, NOTE, CHILD_ID) VALUES('2017-06-19 09:00:00', '2017-06-19 02:00:00','',4);
INSERT INTO registration (BRINGDATE, DATE, NOTE, CHILD_ID) VALUES('2017-06-19 09:00:00', '2017-06-19 02:00:00','',5);
INSERT INTO registration (BRINGDATE, DATE, NOTE, CHILD_ID) VALUES('2017-06-19 09:00:00', '2017-06-19 02:00:00','',6);
INSERT INTO registration (BRINGDATE, DATE, NOTE, CHILD_ID) VALUES('2017-06-19 09:00:00', '2017-06-19 02:00:00','',7);
INSERT INTO registration (BRINGDATE, DATE, NOTE, CHILD_ID) VALUES('2017-06-19 09:00:00', '2017-06-19 02:00:00','',8);
INSERT INTO registration (BRINGDATE, DATE, NOTE, CHILD_ID) VALUES('2017-06-19 09:00:00', '2017-06-19 02:00:00','',9);
INSERT INTO registration (BRINGDATE, DATE, NOTE, CHILD_ID) VALUES('2017-06-19 09:00:00', '2017-06-19 02:00:00','',10);
INSERT INTO registration (BRINGDATE, DATE, NOTE, CHILD_ID) VALUES('2017-06-19 09:00:00', '2017-06-19 02:00:00','',11);
INSERT INTO registration (BRINGDATE, DATE, NOTE, CHILD_ID) VALUES('2017-06-19 09:00:00', '2017-06-19 02:00:00','',12);
INSERT INTO registration (BRINGDATE, DATE, NOTE, CHILD_ID) VALUES('2017-06-19 09:00:00', '2017-06-19 02:00:00','',13);
INSERT INTO registration (BRINGDATE, DATE, NOTE, CHILD_ID) VALUES('2017-06-19 09:00:00', '2017-06-19 02:00:00','',14);
INSERT INTO registration (BRINGDATE, DATE, NOTE, CHILD_ID) VALUES('2017-06-19 09:00:00', '2017-06-19 02:00:00','',15);

INSERT INTO registration (BRINGDATE, DATE, NOTE, CHILD_ID) VALUES('2017-06-20 09:00:00', '2017-06-20 02:00:00','',1);
INSERT INTO registration (BRINGDATE, DATE, NOTE, CHILD_ID) VALUES('2017-06-20 09:00:00', '2017-06-20 02:00:00','',2);
INSERT INTO registration (BRINGDATE, DATE, NOTE, CHILD_ID) VALUES('2017-06-20 09:00:00', '2017-06-20 02:00:00','',3);
INSERT INTO registration (BRINGDATE, DATE, NOTE, CHILD_ID) VALUES('2017-06-20 09:00:00', '2017-06-20 02:00:00','',4);
INSERT INTO registration (BRINGDATE, DATE, NOTE, CHILD_ID) VALUES('2017-06-20 09:00:00', '2017-06-20 02:00:00','',5);
INSERT INTO registration (BRINGDATE, DATE, NOTE, CHILD_ID) VALUES('2017-06-20 09:00:00', '2017-06-20 02:00:00','',6);
INSERT INTO registration (BRINGDATE, DATE, NOTE, CHILD_ID) VALUES('2017-06-20 09:00:00', '2017-06-20 02:00:00','',7);
INSERT INTO registration (BRINGDATE, DATE, NOTE, CHILD_ID) VALUES('2017-06-20 09:00:00', '2017-06-20 02:00:00','',8);
INSERT INTO registration (BRINGDATE, DATE, NOTE, CHILD_ID) VALUES('2017-06-20 09:00:00', '2017-06-20 02:00:00','',9);
INSERT INTO registration (BRINGDATE, DATE, NOTE, CHILD_ID) VALUES('2017-06-20 09:00:00', '2017-06-20 02:00:00','',10);
INSERT INTO registration (BRINGDATE, DATE, NOTE, CHILD_ID) VALUES('2017-06-20 09:00:00', '2017-06-20 02:00:00','',11);
INSERT INTO registration (BRINGDATE, DATE, NOTE, CHILD_ID) VALUES('2017-06-20 09:00:00', '2017-06-20 02:00:00','',12);
INSERT INTO registration (BRINGDATE, DATE, NOTE, CHILD_ID) VALUES('2017-06-20 09:00:00', '2017-06-20 02:00:00','',13);
INSERT INTO registration (BRINGDATE, DATE, NOTE, CHILD_ID) VALUES('2017-06-20 09:00:00', '2017-06-20 02:00:00','',14);
INSERT INTO registration (BRINGDATE, DATE, NOTE, CHILD_ID) VALUES('2017-06-20 09:00:00', '2017-06-20 02:00:00','',15);

INSERT INTO registration (BRINGDATE, DATE, NOTE, CHILD_ID) VALUES('2017-06-21 09:00:00', '2017-06-21 02:00:00','',1);
INSERT INTO registration (BRINGDATE, DATE, NOTE, CHILD_ID) VALUES('2017-06-21 09:00:00', '2017-06-21 02:00:00','',2);
INSERT INTO registration (BRINGDATE, DATE, NOTE, CHILD_ID) VALUES('2017-06-21 09:00:00', '2017-06-21 02:00:00','',3);
INSERT INTO registration (BRINGDATE, DATE, NOTE, CHILD_ID) VALUES('2017-06-21 09:00:00', '2017-06-21 02:00:00','',4);
INSERT INTO registration (BRINGDATE, DATE, NOTE, CHILD_ID) VALUES('2017-06-21 09:00:00', '2017-06-21 02:00:00','',5);
INSERT INTO registration (BRINGDATE, DATE, NOTE, CHILD_ID) VALUES('2017-06-21 09:00:00', '2017-06-21 02:00:00','',6);
INSERT INTO registration (BRINGDATE, DATE, NOTE, CHILD_ID) VALUES('2017-06-21 09:00:00', '2017-06-21 02:00:00','',7);
INSERT INTO registration (BRINGDATE, DATE, NOTE, CHILD_ID) VALUES('2017-06-21 09:00:00', '2017-06-21 02:00:00','',8);
INSERT INTO registration (BRINGDATE, DATE, NOTE, CHILD_ID) VALUES('2017-06-21 09:00:00', '2017-06-21 02:00:00','',9);
INSERT INTO registration (BRINGDATE, DATE, NOTE, CHILD_ID) VALUES('2017-06-21 09:00:00', '2017-06-21 02:00:00','',10);
INSERT INTO registration (BRINGDATE, DATE, NOTE, CHILD_ID) VALUES('2017-06-21 09:00:00', '2017-06-21 02:00:00','',11);
INSERT INTO registration (BRINGDATE, DATE, NOTE, CHILD_ID) VALUES('2017-06-21 09:00:00', '2017-06-21 02:00:00','',12);
INSERT INTO registration (BRINGDATE, DATE, NOTE, CHILD_ID) VALUES('2017-06-21 09:00:00', '2017-06-21 02:00:00','',13);
INSERT INTO registration (BRINGDATE, DATE, NOTE, CHILD_ID) VALUES('2017-06-21 09:00:00', '2017-06-21 02:00:00','',14);
INSERT INTO registration (BRINGDATE, DATE, NOTE, CHILD_ID) VALUES('2017-06-21 09:00:00', '2017-06-21 02:00:00','',15);

INSERT INTO registration (BRINGDATE, DATE, NOTE, CHILD_ID) VALUES('2017-06-22 09:00:00', '2017-06-22 02:00:00','',1);
INSERT INTO registration (BRINGDATE, DATE, NOTE, CHILD_ID) VALUES('2017-06-22 09:00:00', '2017-06-22 02:00:00','',2);
INSERT INTO registration (BRINGDATE, DATE, NOTE, CHILD_ID) VALUES('2017-06-22 09:00:00', '2017-06-22 02:00:00','',3);
INSERT INTO registration (BRINGDATE, DATE, NOTE, CHILD_ID) VALUES('2017-06-22 09:00:00', '2017-06-22 02:00:00','',4);
INSERT INTO registration (BRINGDATE, DATE, NOTE, CHILD_ID) VALUES('2017-06-22 09:00:00', '2017-06-22 02:00:00','',5);
INSERT INTO registration (BRINGDATE, DATE, NOTE, CHILD_ID) VALUES('2017-06-22 09:00:00', '2017-06-22 02:00:00','',6);
INSERT INTO registration (BRINGDATE, DATE, NOTE, CHILD_ID) VALUES('2017-06-22 09:00:00', '2017-06-22 02:00:00','',7);
INSERT INTO registration (BRINGDATE, DATE, NOTE, CHILD_ID) VALUES('2017-06-22 09:00:00', '2017-06-22 02:00:00','',8);
INSERT INTO registration (BRINGDATE, DATE, NOTE, CHILD_ID) VALUES('2017-06-22 09:00:00', '2017-06-22 02:00:00','',9);
INSERT INTO registration (BRINGDATE, DATE, NOTE, CHILD_ID) VALUES('2017-06-22 09:00:00', '2017-06-22 02:00:00','',10);
INSERT INTO registration (BRINGDATE, DATE, NOTE, CHILD_ID) VALUES('2017-06-22 09:00:00', '2017-06-22 02:00:00','',11);
INSERT INTO registration (BRINGDATE, DATE, NOTE, CHILD_ID) VALUES('2017-06-22 09:00:00', '2017-06-22 02:00:00','',12);
INSERT INTO registration (BRINGDATE, DATE, NOTE, CHILD_ID) VALUES('2017-06-22 09:00:00', '2017-06-22 02:00:00','',13);
INSERT INTO registration (BRINGDATE, DATE, NOTE, CHILD_ID) VALUES('2017-06-22 09:00:00', '2017-06-22 02:00:00','',14);
INSERT INTO registration (BRINGDATE, DATE, NOTE, CHILD_ID) VALUES('2017-06-22 09:00:00', '2017-06-22 02:00:00','',15);

INSERT INTO registration (BRINGDATE, DATE, NOTE, CHILD_ID) VALUES('2017-06-23 09:00:00', '2017-06-23 02:00:00','',1);
INSERT INTO registration (BRINGDATE, DATE, NOTE, CHILD_ID) VALUES('2017-06-23 09:00:00', '2017-06-23 02:00:00','',2);
INSERT INTO registration (BRINGDATE, DATE, NOTE, CHILD_ID) VALUES('2017-06-23 09:00:00', '2017-06-23 02:00:00','',3);
INSERT INTO registration (BRINGDATE, DATE, NOTE, CHILD_ID) VALUES('2017-06-23 09:00:00', '2017-06-23 02:00:00','',4);
INSERT INTO registration (BRINGDATE, DATE, NOTE, CHILD_ID) VALUES('2017-06-23 09:00:00', '2017-06-23 02:00:00','',5);
INSERT INTO registration (BRINGDATE, DATE, NOTE, CHILD_ID) VALUES('2017-06-23 09:00:00', '2017-06-23 02:00:00','',6);
INSERT INTO registration (BRINGDATE, DATE, NOTE, CHILD_ID) VALUES('2017-06-23 09:00:00', '2017-06-23 02:00:00','',7);
INSERT INTO registration (BRINGDATE, DATE, NOTE, CHILD_ID) VALUES('2017-06-23 09:00:00', '2017-06-23 02:00:00','',8);
INSERT INTO registration (BRINGDATE, DATE, NOTE, CHILD_ID) VALUES('2017-06-23 09:00:00', '2017-06-23 02:00:00','',9);
INSERT INTO registration (BRINGDATE, DATE, NOTE, CHILD_ID) VALUES('2017-06-23 09:00:00', '2017-06-23 02:00:00','',10);
INSERT INTO registration (BRINGDATE, DATE, NOTE, CHILD_ID) VALUES('2017-06-23 09:00:00', '2017-06-23 02:00:00','',11);
INSERT INTO registration (BRINGDATE, DATE, NOTE, CHILD_ID) VALUES('2017-06-23 09:00:00', '2017-06-23 02:00:00','',12);
INSERT INTO registration (BRINGDATE, DATE, NOTE, CHILD_ID) VALUES('2017-06-23 09:00:00', '2017-06-23 02:00:00','',13);
INSERT INTO registration (BRINGDATE, DATE, NOTE, CHILD_ID) VALUES('2017-06-23 09:00:00', '2017-06-23 02:00:00','',14);
INSERT INTO registration (BRINGDATE, DATE, NOTE, CHILD_ID) VALUES('2017-06-23 09:00:00', '2017-06-23 02:00:00','',15);

INSERT INTO registration (BRINGDATE, DATE, NOTE, CHILD_ID) VALUES('2017-06-26 09:00:00', '2017-06-26 02:00:00','',1);
INSERT INTO registration (BRINGDATE, DATE, NOTE, CHILD_ID) VALUES('2017-06-26 09:00:00', '2017-06-26 02:00:00','',2);
INSERT INTO registration (BRINGDATE, DATE, NOTE, CHILD_ID) VALUES('2017-06-26 09:00:00', '2017-06-26 02:00:00','',3);
INSERT INTO registration (BRINGDATE, DATE, NOTE, CHILD_ID) VALUES('2017-06-26 09:00:00', '2017-06-26 02:00:00','',4);
INSERT INTO registration (BRINGDATE, DATE, NOTE, CHILD_ID) VALUES('2017-06-26 09:00:00', '2017-06-26 02:00:00','',5);
INSERT INTO registration (BRINGDATE, DATE, NOTE, CHILD_ID) VALUES('2017-06-26 09:00:00', '2017-06-26 02:00:00','',6);
INSERT INTO registration (BRINGDATE, DATE, NOTE, CHILD_ID) VALUES('2017-06-26 09:00:00', '2017-06-26 02:00:00','',7);
INSERT INTO registration (BRINGDATE, DATE, NOTE, CHILD_ID) VALUES('2017-06-26 09:00:00', '2017-06-26 02:00:00','',8);
INSERT INTO registration (BRINGDATE, DATE, NOTE, CHILD_ID) VALUES('2017-06-26 09:00:00', '2017-06-26 02:00:00','',9);
INSERT INTO registration (BRINGDATE, DATE, NOTE, CHILD_ID) VALUES('2017-06-26 09:00:00', '2017-06-26 02:00:00','',10);
INSERT INTO registration (BRINGDATE, DATE, NOTE, CHILD_ID) VALUES('2017-06-26 09:00:00', '2017-06-26 02:00:00','',11);
INSERT INTO registration (BRINGDATE, DATE, NOTE, CHILD_ID) VALUES('2017-06-26 09:00:00', '2017-06-26 02:00:00','',12);
INSERT INTO registration (BRINGDATE, DATE, NOTE, CHILD_ID) VALUES('2017-06-26 09:00:00', '2017-06-26 02:00:00','',13);
INSERT INTO registration (BRINGDATE, DATE, NOTE, CHILD_ID) VALUES('2017-06-26 09:00:00', '2017-06-26 02:00:00','',14);
INSERT INTO registration (BRINGDATE, DATE, NOTE, CHILD_ID) VALUES('2017-06-26 09:00:00', '2017-06-26 02:00:00','',15);

INSERT INTO registration (BRINGDATE, DATE, NOTE, CHILD_ID) VALUES('2017-06-27 09:00:00', '2017-06-27 02:00:00','',1);
INSERT INTO registration (BRINGDATE, DATE, NOTE, CHILD_ID) VALUES('2017-06-27 09:00:00', '2017-06-27 02:00:00','',2);
INSERT INTO registration (BRINGDATE, DATE, NOTE, CHILD_ID) VALUES('2017-06-27 09:00:00', '2017-06-27 02:00:00','',3);
INSERT INTO registration (BRINGDATE, DATE, NOTE, CHILD_ID) VALUES('2017-06-27 09:00:00', '2017-06-27 02:00:00','',4);
INSERT INTO registration (BRINGDATE, DATE, NOTE, CHILD_ID) VALUES('2017-06-27 09:00:00', '2017-06-27 02:00:00','',5);
INSERT INTO registration (BRINGDATE, DATE, NOTE, CHILD_ID) VALUES('2017-06-27 09:00:00', '2017-06-27 02:00:00','',6);
INSERT INTO registration (BRINGDATE, DATE, NOTE, CHILD_ID) VALUES('2017-06-27 09:00:00', '2017-06-27 02:00:00','',7);
INSERT INTO registration (BRINGDATE, DATE, NOTE, CHILD_ID) VALUES('2017-06-27 09:00:00', '2017-06-27 02:00:00','',8);
INSERT INTO registration (BRINGDATE, DATE, NOTE, CHILD_ID) VALUES('2017-06-27 09:00:00', '2017-06-27 02:00:00','',9);
INSERT INTO registration (BRINGDATE, DATE, NOTE, CHILD_ID) VALUES('2017-06-27 09:00:00', '2017-06-27 02:00:00','',10);
INSERT INTO registration (BRINGDATE, DATE, NOTE, CHILD_ID) VALUES('2017-06-27 09:00:00', '2017-06-27 02:00:00','',11);
INSERT INTO registration (BRINGDATE, DATE, NOTE, CHILD_ID) VALUES('2017-06-27 09:00:00', '2017-06-27 02:00:00','',12);
INSERT INTO registration (BRINGDATE, DATE, NOTE, CHILD_ID) VALUES('2017-06-27 09:00:00', '2017-06-27 02:00:00','',13);
INSERT INTO registration (BRINGDATE, DATE, NOTE, CHILD_ID) VALUES('2017-06-27 09:00:00', '2017-06-27 02:00:00','',14);
INSERT INTO registration (BRINGDATE, DATE, NOTE, CHILD_ID) VALUES('2017-06-27 09:00:00', '2017-06-27 02:00:00','',15);

INSERT INTO registration (BRINGDATE, DATE, NOTE, CHILD_ID) VALUES('2017-06-28 09:00:00', '2017-06-28 02:00:00','',1);
INSERT INTO registration (BRINGDATE, DATE, NOTE, CHILD_ID) VALUES('2017-06-28 09:00:00', '2017-06-28 02:00:00','',2);
INSERT INTO registration (BRINGDATE, DATE, NOTE, CHILD_ID) VALUES('2017-06-28 09:00:00', '2017-06-28 02:00:00','',3);
INSERT INTO registration (BRINGDATE, DATE, NOTE, CHILD_ID) VALUES('2017-06-28 09:00:00', '2017-06-28 02:00:00','',4);
INSERT INTO registration (BRINGDATE, DATE, NOTE, CHILD_ID) VALUES('2017-06-28 09:00:00', '2017-06-28 02:00:00','',5);
INSERT INTO registration (BRINGDATE, DATE, NOTE, CHILD_ID) VALUES('2017-06-28 09:00:00', '2017-06-28 02:00:00','',6);
INSERT INTO registration (BRINGDATE, DATE, NOTE, CHILD_ID) VALUES('2017-06-28 09:00:00', '2017-06-28 02:00:00','',7);
INSERT INTO registration (BRINGDATE, DATE, NOTE, CHILD_ID) VALUES('2017-06-28 09:00:00', '2017-06-28 02:00:00','',8);
INSERT INTO registration (BRINGDATE, DATE, NOTE, CHILD_ID) VALUES('2017-06-28 09:00:00', '2017-06-28 02:00:00','',9);
INSERT INTO registration (BRINGDATE, DATE, NOTE, CHILD_ID) VALUES('2017-06-28 09:00:00', '2017-06-28 02:00:00','',10);
INSERT INTO registration (BRINGDATE, DATE, NOTE, CHILD_ID) VALUES('2017-06-28 09:00:00', '2017-06-28 02:00:00','',11);
INSERT INTO registration (BRINGDATE, DATE, NOTE, CHILD_ID) VALUES('2017-06-28 09:00:00', '2017-06-28 02:00:00','',12);
INSERT INTO registration (BRINGDATE, DATE, NOTE, CHILD_ID) VALUES('2017-06-28 09:00:00', '2017-06-28 02:00:00','',13);
INSERT INTO registration (BRINGDATE, DATE, NOTE, CHILD_ID) VALUES('2017-06-28 09:00:00', '2017-06-28 02:00:00','',14);
INSERT INTO registration (BRINGDATE, DATE, NOTE, CHILD_ID) VALUES('2017-06-28 09:00:00', '2017-06-28 02:00:00','',15);

INSERT INTO registration (BRINGDATE, DATE, NOTE, CHILD_ID) VALUES('2017-06-29 09:00:00', '2017-06-29 02:00:00','',1);
INSERT INTO registration (BRINGDATE, DATE, NOTE, CHILD_ID) VALUES('2017-06-29 09:00:00', '2017-06-29 02:00:00','',2);
INSERT INTO registration (BRINGDATE, DATE, NOTE, CHILD_ID) VALUES('2017-06-29 09:00:00', '2017-06-29 02:00:00','',3);
INSERT INTO registration (BRINGDATE, DATE, NOTE, CHILD_ID) VALUES('2017-06-29 09:00:00', '2017-06-29 02:00:00','',4);
INSERT INTO registration (BRINGDATE, DATE, NOTE, CHILD_ID) VALUES('2017-06-29 09:00:00', '2017-06-29 02:00:00','',5);
INSERT INTO registration (BRINGDATE, DATE, NOTE, CHILD_ID) VALUES('2017-06-29 09:00:00', '2017-06-29 02:00:00','',6);
INSERT INTO registration (BRINGDATE, DATE, NOTE, CHILD_ID) VALUES('2017-06-29 09:00:00', '2017-06-29 02:00:00','',7);
INSERT INTO registration (BRINGDATE, DATE, NOTE, CHILD_ID) VALUES('2017-06-29 09:00:00', '2017-06-29 02:00:00','',8);
INSERT INTO registration (BRINGDATE, DATE, NOTE, CHILD_ID) VALUES('2017-06-29 09:00:00', '2017-06-29 02:00:00','',9);
INSERT INTO registration (BRINGDATE, DATE, NOTE, CHILD_ID) VALUES('2017-06-29 09:00:00', '2017-06-29 02:00:00','',10);
INSERT INTO registration (BRINGDATE, DATE, NOTE, CHILD_ID) VALUES('2017-06-29 09:00:00', '2017-06-29 02:00:00','',11);
INSERT INTO registration (BRINGDATE, DATE, NOTE, CHILD_ID) VALUES('2017-06-29 09:00:00', '2017-06-29 02:00:00','',12);
INSERT INTO registration (BRINGDATE, DATE, NOTE, CHILD_ID) VALUES('2017-06-29 09:00:00', '2017-06-29 02:00:00','',13);
INSERT INTO registration (BRINGDATE, DATE, NOTE, CHILD_ID) VALUES('2017-06-29 09:00:00', '2017-06-29 02:00:00','',14);
INSERT INTO registration (BRINGDATE, DATE, NOTE, CHILD_ID) VALUES('2017-06-29 09:00:00', '2017-06-29 02:00:00','',15);

INSERT INTO registration (BRINGDATE, DATE, NOTE, CHILD_ID) VALUES('2017-06-30 09:00:00', '2017-06-30 02:00:00','',1);
INSERT INTO registration (BRINGDATE, DATE, NOTE, CHILD_ID) VALUES('2017-06-30 09:00:00', '2017-06-30 02:00:00','',2);
INSERT INTO registration (BRINGDATE, DATE, NOTE, CHILD_ID) VALUES('2017-06-30 09:00:00', '2017-06-30 02:00:00','',3);
INSERT INTO registration (BRINGDATE, DATE, NOTE, CHILD_ID) VALUES('2017-06-30 09:00:00', '2017-06-30 02:00:00','',4);
INSERT INTO registration (BRINGDATE, DATE, NOTE, CHILD_ID) VALUES('2017-06-30 09:00:00', '2017-06-30 02:00:00','',5);
INSERT INTO registration (BRINGDATE, DATE, NOTE, CHILD_ID) VALUES('2017-06-30 09:00:00', '2017-06-30 02:00:00','',6);
INSERT INTO registration (BRINGDATE, DATE, NOTE, CHILD_ID) VALUES('2017-06-30 09:00:00', '2017-06-30 02:00:00','',7);
INSERT INTO registration (BRINGDATE, DATE, NOTE, CHILD_ID) VALUES('2017-06-30 09:00:00', '2017-06-30 02:00:00','',8);
INSERT INTO registration (BRINGDATE, DATE, NOTE, CHILD_ID) VALUES('2017-06-30 09:00:00', '2017-06-30 02:00:00','',9);
INSERT INTO registration (BRINGDATE, DATE, NOTE, CHILD_ID) VALUES('2017-06-30 09:00:00', '2017-06-30 02:00:00','',10);
INSERT INTO registration (BRINGDATE, DATE, NOTE, CHILD_ID) VALUES('2017-06-30 09:00:00', '2017-06-30 02:00:00','',11);
INSERT INTO registration (BRINGDATE, DATE, NOTE, CHILD_ID) VALUES('2017-06-30 09:00:00', '2017-06-30 02:00:00','',12);
INSERT INTO registration (BRINGDATE, DATE, NOTE, CHILD_ID) VALUES('2017-06-30 09:00:00', '2017-06-30 02:00:00','',13);
INSERT INTO registration (BRINGDATE, DATE, NOTE, CHILD_ID) VALUES('2017-06-30 09:00:00', '2017-06-30 02:00:00','',14);
INSERT INTO registration (BRINGDATE, DATE, NOTE, CHILD_ID) VALUES('2017-06-30 09:00:00', '2017-06-30 02:00:00','',15);

INSERT INTO registration (BRINGDATE, DATE, NOTE, CHILD_ID) VALUES('2017-07-03 09:00:00', '2017-07-03 02:00:00','',1);
INSERT INTO registration (BRINGDATE, DATE, NOTE, CHILD_ID) VALUES('2017-07-03 09:00:00', '2017-07-03 02:00:00','',2);
INSERT INTO registration (BRINGDATE, DATE, NOTE, CHILD_ID) VALUES('2017-07-03 09:00:00', '2017-07-03 02:00:00','',3);
INSERT INTO registration (BRINGDATE, DATE, NOTE, CHILD_ID) VALUES('2017-07-03 09:00:00', '2017-07-03 02:00:00','',4);
INSERT INTO registration (BRINGDATE, DATE, NOTE, CHILD_ID) VALUES('2017-07-03 09:00:00', '2017-07-03 02:00:00','',5);
INSERT INTO registration (BRINGDATE, DATE, NOTE, CHILD_ID) VALUES('2017-07-03 09:00:00', '2017-07-03 02:00:00','',6);
INSERT INTO registration (BRINGDATE, DATE, NOTE, CHILD_ID) VALUES('2017-07-03 09:00:00', '2017-07-03 02:00:00','',7);
INSERT INTO registration (BRINGDATE, DATE, NOTE, CHILD_ID) VALUES('2017-07-03 09:00:00', '2017-07-03 02:00:00','',8);
INSERT INTO registration (BRINGDATE, DATE, NOTE, CHILD_ID) VALUES('2017-07-03 09:00:00', '2017-07-03 02:00:00','',9);
INSERT INTO registration (BRINGDATE, DATE, NOTE, CHILD_ID) VALUES('2017-07-03 09:00:00', '2017-07-03 02:00:00','',10);
INSERT INTO registration (BRINGDATE, DATE, NOTE, CHILD_ID) VALUES('2017-07-03 09:00:00', '2017-07-03 02:00:00','',11);
INSERT INTO registration (BRINGDATE, DATE, NOTE, CHILD_ID) VALUES('2017-07-03 09:00:00', '2017-07-03 02:00:00','',12);
INSERT INTO registration (BRINGDATE, DATE, NOTE, CHILD_ID) VALUES('2017-07-03 09:00:00', '2017-07-03 02:00:00','',13);
INSERT INTO registration (BRINGDATE, DATE, NOTE, CHILD_ID) VALUES('2017-07-03 09:00:00', '2017-07-03 02:00:00','',14);
INSERT INTO registration (BRINGDATE, DATE, NOTE, CHILD_ID) VALUES('2017-07-03 09:00:00', '2017-07-03 02:00:00','',15);

INSERT INTO registration (BRINGDATE, DATE, NOTE, CHILD_ID) VALUES('2017-07-04 09:00:00', '2017-07-04 02:00:00','',1);
INSERT INTO registration (BRINGDATE, DATE, NOTE, CHILD_ID) VALUES('2017-07-04 09:00:00', '2017-07-04 02:00:00','',2);
INSERT INTO registration (BRINGDATE, DATE, NOTE, CHILD_ID) VALUES('2017-07-04 09:00:00', '2017-07-04 02:00:00','',3);
INSERT INTO registration (BRINGDATE, DATE, NOTE, CHILD_ID) VALUES('2017-07-04 09:00:00', '2017-07-04 02:00:00','',4);
INSERT INTO registration (BRINGDATE, DATE, NOTE, CHILD_ID) VALUES('2017-07-04 09:00:00', '2017-07-04 02:00:00','',5);
INSERT INTO registration (BRINGDATE, DATE, NOTE, CHILD_ID) VALUES('2017-07-04 09:00:00', '2017-07-04 02:00:00','',6);
INSERT INTO registration (BRINGDATE, DATE, NOTE, CHILD_ID) VALUES('2017-07-04 09:00:00', '2017-07-04 02:00:00','',7);
INSERT INTO registration (BRINGDATE, DATE, NOTE, CHILD_ID) VALUES('2017-07-04 09:00:00', '2017-07-04 02:00:00','',8);
INSERT INTO registration (BRINGDATE, DATE, NOTE, CHILD_ID) VALUES('2017-07-04 09:00:00', '2017-07-04 02:00:00','',9);
INSERT INTO registration (BRINGDATE, DATE, NOTE, CHILD_ID) VALUES('2017-07-04 09:00:00', '2017-07-04 02:00:00','',10);
INSERT INTO registration (BRINGDATE, DATE, NOTE, CHILD_ID) VALUES('2017-07-04 09:00:00', '2017-07-04 02:00:00','',11);
INSERT INTO registration (BRINGDATE, DATE, NOTE, CHILD_ID) VALUES('2017-07-04 09:00:00', '2017-07-04 02:00:00','',12);
INSERT INTO registration (BRINGDATE, DATE, NOTE, CHILD_ID) VALUES('2017-07-04 09:00:00', '2017-07-04 02:00:00','',13);
INSERT INTO registration (BRINGDATE, DATE, NOTE, CHILD_ID) VALUES('2017-07-04 09:00:00', '2017-07-04 02:00:00','',14);
INSERT INTO registration (BRINGDATE, DATE, NOTE, CHILD_ID) VALUES('2017-07-04 09:00:00', '2017-07-04 02:00:00','',15);

INSERT INTO registration (BRINGDATE, DATE, NOTE, CHILD_ID) VALUES('2017-07-05 09:00:00', '2017-07-05 02:00:00','',1);
INSERT INTO registration (BRINGDATE, DATE, NOTE, CHILD_ID) VALUES('2017-07-05 09:00:00', '2017-07-05 02:00:00','',2);
INSERT INTO registration (BRINGDATE, DATE, NOTE, CHILD_ID) VALUES('2017-07-05 09:00:00', '2017-07-05 02:00:00','',3);
INSERT INTO registration (BRINGDATE, DATE, NOTE, CHILD_ID) VALUES('2017-07-05 09:00:00', '2017-07-05 02:00:00','',4);
INSERT INTO registration (BRINGDATE, DATE, NOTE, CHILD_ID) VALUES('2017-07-05 09:00:00', '2017-07-05 02:00:00','',5);
INSERT INTO registration (BRINGDATE, DATE, NOTE, CHILD_ID) VALUES('2017-07-05 09:00:00', '2017-07-05 02:00:00','',6);
INSERT INTO registration (BRINGDATE, DATE, NOTE, CHILD_ID) VALUES('2017-07-05 09:00:00', '2017-07-05 02:00:00','',7);
INSERT INTO registration (BRINGDATE, DATE, NOTE, CHILD_ID) VALUES('2017-07-05 09:00:00', '2017-07-05 02:00:00','',8);
INSERT INTO registration (BRINGDATE, DATE, NOTE, CHILD_ID) VALUES('2017-07-05 09:00:00', '2017-07-05 02:00:00','',9);
INSERT INTO registration (BRINGDATE, DATE, NOTE, CHILD_ID) VALUES('2017-07-05 09:00:00', '2017-07-05 02:00:00','',10);
INSERT INTO registration (BRINGDATE, DATE, NOTE, CHILD_ID) VALUES('2017-07-05 09:00:00', '2017-07-05 02:00:00','',11);
INSERT INTO registration (BRINGDATE, DATE, NOTE, CHILD_ID) VALUES('2017-07-05 09:00:00', '2017-07-05 02:00:00','',12);
INSERT INTO registration (BRINGDATE, DATE, NOTE, CHILD_ID) VALUES('2017-07-05 09:00:00', '2017-07-05 02:00:00','',13);
INSERT INTO registration (BRINGDATE, DATE, NOTE, CHILD_ID) VALUES('2017-07-05 09:00:00', '2017-07-05 02:00:00','',14);
INSERT INTO registration (BRINGDATE, DATE, NOTE, CHILD_ID) VALUES('2017-07-05 09:00:00', '2017-07-05 02:00:00','',15);

INSERT INTO registration (BRINGDATE, DATE, NOTE, CHILD_ID) VALUES('2017-07-06 09:00:00', '2017-07-06 02:00:00','',1);
INSERT INTO registration (BRINGDATE, DATE, NOTE, CHILD_ID) VALUES('2017-07-06 09:00:00', '2017-07-06 02:00:00','',2);
INSERT INTO registration (BRINGDATE, DATE, NOTE, CHILD_ID) VALUES('2017-07-06 09:00:00', '2017-07-06 02:00:00','',3);
INSERT INTO registration (BRINGDATE, DATE, NOTE, CHILD_ID) VALUES('2017-07-06 09:00:00', '2017-07-06 02:00:00','',4);
INSERT INTO registration (BRINGDATE, DATE, NOTE, CHILD_ID) VALUES('2017-07-06 09:00:00', '2017-07-06 02:00:00','',5);
INSERT INTO registration (BRINGDATE, DATE, NOTE, CHILD_ID) VALUES('2017-07-06 09:00:00', '2017-07-06 02:00:00','',6);
INSERT INTO registration (BRINGDATE, DATE, NOTE, CHILD_ID) VALUES('2017-07-06 09:00:00', '2017-07-06 02:00:00','',7);
INSERT INTO registration (BRINGDATE, DATE, NOTE, CHILD_ID) VALUES('2017-07-06 09:00:00', '2017-07-06 02:00:00','',8);
INSERT INTO registration (BRINGDATE, DATE, NOTE, CHILD_ID) VALUES('2017-07-06 09:00:00', '2017-07-06 02:00:00','',9);
INSERT INTO registration (BRINGDATE, DATE, NOTE, CHILD_ID) VALUES('2017-07-06 09:00:00', '2017-07-06 02:00:00','',10);
INSERT INTO registration (BRINGDATE, DATE, NOTE, CHILD_ID) VALUES('2017-07-06 09:00:00', '2017-07-06 02:00:00','',11);
INSERT INTO registration (BRINGDATE, DATE, NOTE, CHILD_ID) VALUES('2017-07-06 09:00:00', '2017-07-06 02:00:00','',12);
INSERT INTO registration (BRINGDATE, DATE, NOTE, CHILD_ID) VALUES('2017-07-06 09:00:00', '2017-07-06 02:00:00','',13);
INSERT INTO registration (BRINGDATE, DATE, NOTE, CHILD_ID) VALUES('2017-07-06 09:00:00', '2017-07-06 02:00:00','',14);
INSERT INTO registration (BRINGDATE, DATE, NOTE, CHILD_ID) VALUES('2017-07-06 09:00:00', '2017-07-06 02:00:00','',15);

INSERT INTO registration (BRINGDATE, DATE, NOTE, CHILD_ID) VALUES('2017-07-07 09:00:00', '2017-07-07 02:00:00','',1);
INSERT INTO registration (BRINGDATE, DATE, NOTE, CHILD_ID) VALUES('2017-07-07 09:00:00', '2017-07-07 02:00:00','',2);
INSERT INTO registration (BRINGDATE, DATE, NOTE, CHILD_ID) VALUES('2017-07-07 09:00:00', '2017-07-07 02:00:00','',3);
INSERT INTO registration (BRINGDATE, DATE, NOTE, CHILD_ID) VALUES('2017-07-07 09:00:00', '2017-07-07 02:00:00','',4);
INSERT INTO registration (BRINGDATE, DATE, NOTE, CHILD_ID) VALUES('2017-07-07 09:00:00', '2017-07-07 02:00:00','',5);
INSERT INTO registration (BRINGDATE, DATE, NOTE, CHILD_ID) VALUES('2017-07-07 09:00:00', '2017-07-07 02:00:00','',6);
INSERT INTO registration (BRINGDATE, DATE, NOTE, CHILD_ID) VALUES('2017-07-07 09:00:00', '2017-07-07 02:00:00','',7);
INSERT INTO registration (BRINGDATE, DATE, NOTE, CHILD_ID) VALUES('2017-07-07 09:00:00', '2017-07-07 02:00:00','',8);
INSERT INTO registration (BRINGDATE, DATE, NOTE, CHILD_ID) VALUES('2017-07-07 09:00:00', '2017-07-07 02:00:00','',9);
INSERT INTO registration (BRINGDATE, DATE, NOTE, CHILD_ID) VALUES('2017-07-07 09:00:00', '2017-07-07 02:00:00','',10);
INSERT INTO registration (BRINGDATE, DATE, NOTE, CHILD_ID) VALUES('2017-07-07 09:00:00', '2017-07-07 02:00:00','',11);
INSERT INTO registration (BRINGDATE, DATE, NOTE, CHILD_ID) VALUES('2017-07-07 09:00:00', '2017-07-07 02:00:00','',12);
INSERT INTO registration (BRINGDATE, DATE, NOTE, CHILD_ID) VALUES('2017-07-07 09:00:00', '2017-07-07 02:00:00','',13);
INSERT INTO registration (BRINGDATE, DATE, NOTE, CHILD_ID) VALUES('2017-07-07 09:00:00', '2017-07-07 02:00:00','',14);
INSERT INTO registration (BRINGDATE, DATE, NOTE, CHILD_ID) VALUES('2017-07-07 09:00:00', '2017-07-07 02:00:00','',15);

INSERT INTO registration (BRINGDATE, DATE, NOTE, CHILD_ID) VALUES('2017-07-10 09:00:00', '2017-07-10 02:00:00','',1);
INSERT INTO registration (BRINGDATE, DATE, NOTE, CHILD_ID) VALUES('2017-07-10 09:00:00', '2017-07-10 02:00:00','',2);
INSERT INTO registration (BRINGDATE, DATE, NOTE, CHILD_ID) VALUES('2017-07-10 09:00:00', '2017-07-10 02:00:00','',3);
INSERT INTO registration (BRINGDATE, DATE, NOTE, CHILD_ID) VALUES('2017-07-10 09:00:00', '2017-07-10 02:00:00','',4);
INSERT INTO registration (BRINGDATE, DATE, NOTE, CHILD_ID) VALUES('2017-07-10 09:00:00', '2017-07-10 02:00:00','',5);
INSERT INTO registration (BRINGDATE, DATE, NOTE, CHILD_ID) VALUES('2017-07-10 09:00:00', '2017-07-10 02:00:00','',6);
INSERT INTO registration (BRINGDATE, DATE, NOTE, CHILD_ID) VALUES('2017-07-10 09:00:00', '2017-07-10 02:00:00','',7);
INSERT INTO registration (BRINGDATE, DATE, NOTE, CHILD_ID) VALUES('2017-07-10 09:00:00', '2017-07-10 02:00:00','',8);
INSERT INTO registration (BRINGDATE, DATE, NOTE, CHILD_ID) VALUES('2017-07-10 09:00:00', '2017-07-10 02:00:00','',9);
INSERT INTO registration (BRINGDATE, DATE, NOTE, CHILD_ID) VALUES('2017-07-10 09:00:00', '2017-07-10 02:00:00','',10);
INSERT INTO registration (BRINGDATE, DATE, NOTE, CHILD_ID) VALUES('2017-07-10 09:00:00', '2017-07-10 02:00:00','',11);
INSERT INTO registration (BRINGDATE, DATE, NOTE, CHILD_ID) VALUES('2017-07-10 09:00:00', '2017-07-10 02:00:00','',12);
INSERT INTO registration (BRINGDATE, DATE, NOTE, CHILD_ID) VALUES('2017-07-10 09:00:00', '2017-07-10 02:00:00','',13);
INSERT INTO registration (BRINGDATE, DATE, NOTE, CHILD_ID) VALUES('2017-07-10 09:00:00', '2017-07-10 02:00:00','',14);
INSERT INTO registration (BRINGDATE, DATE, NOTE, CHILD_ID) VALUES('2017-07-10 09:00:00', '2017-07-10 02:00:00','',15);

INSERT INTO registration (BRINGDATE, DATE, NOTE, CHILD_ID) VALUES('2017-07-11 09:00:00', '2017-07-11 02:00:00','',1);
INSERT INTO registration (BRINGDATE, DATE, NOTE, CHILD_ID) VALUES('2017-07-11 09:00:00', '2017-07-11 02:00:00','',2);
INSERT INTO registration (BRINGDATE, DATE, NOTE, CHILD_ID) VALUES('2017-07-11 09:00:00', '2017-07-11 02:00:00','',3);
INSERT INTO registration (BRINGDATE, DATE, NOTE, CHILD_ID) VALUES('2017-07-11 09:00:00', '2017-07-11 02:00:00','',4);
INSERT INTO registration (BRINGDATE, DATE, NOTE, CHILD_ID) VALUES('2017-07-11 09:00:00', '2017-07-11 02:00:00','',5);
INSERT INTO registration (BRINGDATE, DATE, NOTE, CHILD_ID) VALUES('2017-07-11 09:00:00', '2017-07-11 02:00:00','',6);
INSERT INTO registration (BRINGDATE, DATE, NOTE, CHILD_ID) VALUES('2017-07-11 09:00:00', '2017-07-11 02:00:00','',7);
INSERT INTO registration (BRINGDATE, DATE, NOTE, CHILD_ID) VALUES('2017-07-11 09:00:00', '2017-07-11 02:00:00','',8);
INSERT INTO registration (BRINGDATE, DATE, NOTE, CHILD_ID) VALUES('2017-07-11 09:00:00', '2017-07-11 02:00:00','',9);
INSERT INTO registration (BRINGDATE, DATE, NOTE, CHILD_ID) VALUES('2017-07-11 09:00:00', '2017-07-11 02:00:00','',10);
INSERT INTO registration (BRINGDATE, DATE, NOTE, CHILD_ID) VALUES('2017-07-11 09:00:00', '2017-07-11 02:00:00','',11);
INSERT INTO registration (BRINGDATE, DATE, NOTE, CHILD_ID) VALUES('2017-07-11 09:00:00', '2017-07-11 02:00:00','',12);
INSERT INTO registration (BRINGDATE, DATE, NOTE, CHILD_ID) VALUES('2017-07-11 09:00:00', '2017-07-11 02:00:00','',13);
INSERT INTO registration (BRINGDATE, DATE, NOTE, CHILD_ID) VALUES('2017-07-11 09:00:00', '2017-07-11 02:00:00','',14);
INSERT INTO registration (BRINGDATE, DATE, NOTE, CHILD_ID) VALUES('2017-07-11 09:00:00', '2017-07-11 02:00:00','',15);

INSERT INTO registration (BRINGDATE, DATE, NOTE, CHILD_ID) VALUES('2017-07-12 09:00:00', '2017-07-12 02:00:00','',1);
INSERT INTO registration (BRINGDATE, DATE, NOTE, CHILD_ID) VALUES('2017-07-12 09:00:00', '2017-07-12 02:00:00','',2);
INSERT INTO registration (BRINGDATE, DATE, NOTE, CHILD_ID) VALUES('2017-07-12 09:00:00', '2017-07-12 02:00:00','',3);
INSERT INTO registration (BRINGDATE, DATE, NOTE, CHILD_ID) VALUES('2017-07-12 09:00:00', '2017-07-12 02:00:00','',4);
INSERT INTO registration (BRINGDATE, DATE, NOTE, CHILD_ID) VALUES('2017-07-12 09:00:00', '2017-07-12 02:00:00','',5);
INSERT INTO registration (BRINGDATE, DATE, NOTE, CHILD_ID) VALUES('2017-07-12 09:00:00', '2017-07-12 02:00:00','',6);
INSERT INTO registration (BRINGDATE, DATE, NOTE, CHILD_ID) VALUES('2017-07-12 09:00:00', '2017-07-12 02:00:00','',7);
INSERT INTO registration (BRINGDATE, DATE, NOTE, CHILD_ID) VALUES('2017-07-12 09:00:00', '2017-07-12 02:00:00','',8);
INSERT INTO registration (BRINGDATE, DATE, NOTE, CHILD_ID) VALUES('2017-07-12 09:00:00', '2017-07-12 02:00:00','',9);
INSERT INTO registration (BRINGDATE, DATE, NOTE, CHILD_ID) VALUES('2017-07-12 09:00:00', '2017-07-12 02:00:00','',10);
INSERT INTO registration (BRINGDATE, DATE, NOTE, CHILD_ID) VALUES('2017-07-12 09:00:00', '2017-07-12 02:00:00','',11);
INSERT INTO registration (BRINGDATE, DATE, NOTE, CHILD_ID) VALUES('2017-07-12 09:00:00', '2017-07-12 02:00:00','',12);
INSERT INTO registration (BRINGDATE, DATE, NOTE, CHILD_ID) VALUES('2017-07-12 09:00:00', '2017-07-12 02:00:00','',13);
INSERT INTO registration (BRINGDATE, DATE, NOTE, CHILD_ID) VALUES('2017-07-12 09:00:00', '2017-07-12 02:00:00','',14);
INSERT INTO registration (BRINGDATE, DATE, NOTE, CHILD_ID) VALUES('2017-07-12 09:00:00', '2017-07-12 02:00:00','',15);

INSERT INTO registration (BRINGDATE, DATE, NOTE, CHILD_ID) VALUES('2017-07-13 09:00:00', '2017-07-13 02:00:00','',1);
INSERT INTO registration (BRINGDATE, DATE, NOTE, CHILD_ID) VALUES('2017-07-13 09:00:00', '2017-07-13 02:00:00','',2);
INSERT INTO registration (BRINGDATE, DATE, NOTE, CHILD_ID) VALUES('2017-07-13 09:00:00', '2017-07-13 02:00:00','',3);
INSERT INTO registration (BRINGDATE, DATE, NOTE, CHILD_ID) VALUES('2017-07-13 09:00:00', '2017-07-13 02:00:00','',4);
INSERT INTO registration (BRINGDATE, DATE, NOTE, CHILD_ID) VALUES('2017-07-13 09:00:00', '2017-07-13 02:00:00','',5);
INSERT INTO registration (BRINGDATE, DATE, NOTE, CHILD_ID) VALUES('2017-07-13 09:00:00', '2017-07-13 02:00:00','',6);
INSERT INTO registration (BRINGDATE, DATE, NOTE, CHILD_ID) VALUES('2017-07-13 09:00:00', '2017-07-13 02:00:00','',7);
INSERT INTO registration (BRINGDATE, DATE, NOTE, CHILD_ID) VALUES('2017-07-13 09:00:00', '2017-07-13 02:00:00','',8);
INSERT INTO registration (BRINGDATE, DATE, NOTE, CHILD_ID) VALUES('2017-07-13 09:00:00', '2017-07-13 02:00:00','',9);
INSERT INTO registration (BRINGDATE, DATE, NOTE, CHILD_ID) VALUES('2017-07-13 09:00:00', '2017-07-13 02:00:00','',10);
INSERT INTO registration (BRINGDATE, DATE, NOTE, CHILD_ID) VALUES('2017-07-13 09:00:00', '2017-07-13 02:00:00','',11);
INSERT INTO registration (BRINGDATE, DATE, NOTE, CHILD_ID) VALUES('2017-07-13 09:00:00', '2017-07-13 02:00:00','',12);
INSERT INTO registration (BRINGDATE, DATE, NOTE, CHILD_ID) VALUES('2017-07-13 09:00:00', '2017-07-13 02:00:00','',13);
INSERT INTO registration (BRINGDATE, DATE, NOTE, CHILD_ID) VALUES('2017-07-13 09:00:00', '2017-07-13 02:00:00','',14);
INSERT INTO registration (BRINGDATE, DATE, NOTE, CHILD_ID) VALUES('2017-07-13 09:00:00', '2017-07-13 02:00:00','',15);





#Nursery information
INSERT INTO nursery_information (BRING_START, BRING_END, PICK_UP_START, PICK_UP_END, MAX_OCCUPANCY, ORIGIN_DATE, TODAYS_DATE, CURRENT_OCCUPANCY) VALUES ('2017-06-01 09:00:00', '2017-06-01 10:15:00', '2017-06-01 14:00:00', '2017-06-01 15:45:00', 20, '2017-06-01 02:00:00', '2017-06-01 02:00:00',15);
INSERT INTO nursery_information (BRING_START, BRING_END, PICK_UP_START, PICK_UP_END, MAX_OCCUPANCY, ORIGIN_DATE, TODAYS_DATE, CURRENT_OCCUPANCY) VALUES ('2017-06-02 09:00:00', '2017-06-02 10:15:00', '2017-06-02 14:00:00', '2017-06-02 15:45:00', 20, '2017-06-02 02:00:00', '2017-06-02 02:00:00',15);
INSERT INTO nursery_information (BRING_START, BRING_END, PICK_UP_START, PICK_UP_END, MAX_OCCUPANCY, ORIGIN_DATE, TODAYS_DATE, CURRENT_OCCUPANCY) VALUES ('2017-06-07 09:00:00', '2017-06-07 10:15:00', '2017-06-07 14:00:00', '2017-06-07 15:45:00', 20, '2017-06-07 02:00:00', '2017-06-07 02:00:00',15);
INSERT INTO nursery_information (BRING_START, BRING_END, PICK_UP_START, PICK_UP_END, MAX_OCCUPANCY, ORIGIN_DATE, TODAYS_DATE, CURRENT_OCCUPANCY) VALUES ('2017-06-08 09:00:00', '2017-06-08 10:15:00', '2017-06-08 14:00:00', '2017-06-08 15:45:00', 20, '2017-06-08 02:00:00', '2017-06-08 02:00:00',15);
INSERT INTO nursery_information (BRING_START, BRING_END, PICK_UP_START, PICK_UP_END, MAX_OCCUPANCY, ORIGIN_DATE, TODAYS_DATE, CURRENT_OCCUPANCY) VALUES ('2017-06-09 09:00:00', '2017-06-09 10:15:00', '2017-06-09 14:00:00', '2017-06-09 15:45:00', 20, '2017-06-09 02:00:00', '2017-06-09 02:00:00',15);
INSERT INTO nursery_information (BRING_START, BRING_END, PICK_UP_START, PICK_UP_END, MAX_OCCUPANCY, ORIGIN_DATE, TODAYS_DATE, CURRENT_OCCUPANCY) VALUES ('2017-06-12 09:00:00', '2017-06-12 10:15:00', '2017-06-12 14:00:00', '2017-06-12 15:45:00', 20, '2017-06-12 02:00:00', '2017-06-12 02:00:00',15);
INSERT INTO nursery_information (BRING_START, BRING_END, PICK_UP_START, PICK_UP_END, MAX_OCCUPANCY, ORIGIN_DATE, TODAYS_DATE, CURRENT_OCCUPANCY) VALUES ('2017-06-13 09:00:00', '2017-06-13 10:15:00', '2017-06-13 14:00:00', '2017-06-13 15:45:00', 20, '2017-06-13 02:00:00', '2017-06-13 02:00:00',15);
INSERT INTO nursery_information (BRING_START, BRING_END, PICK_UP_START, PICK_UP_END, MAX_OCCUPANCY, ORIGIN_DATE, TODAYS_DATE, CURRENT_OCCUPANCY) VALUES ('2017-06-14 09:00:00', '2017-06-14 10:15:00', '2017-06-14 14:00:00', '2017-06-14 15:45:00', 20, '2017-06-14 02:00:00', '2017-06-14 02:00:00',15);
INSERT INTO nursery_information (BRING_START, BRING_END, PICK_UP_START, PICK_UP_END, MAX_OCCUPANCY, ORIGIN_DATE, TODAYS_DATE, CURRENT_OCCUPANCY) VALUES ('2017-06-16 09:00:00', '2017-06-16 10:15:00', '2017-06-16 14:00:00', '2017-06-16 15:45:00', 20, '2017-06-16 02:00:00', '2017-06-16 02:00:00',15);
INSERT INTO nursery_information (BRING_START, BRING_END, PICK_UP_START, PICK_UP_END, MAX_OCCUPANCY, ORIGIN_DATE, TODAYS_DATE, CURRENT_OCCUPANCY) VALUES ('2017-06-19 09:00:00', '2017-06-19 10:15:00', '2017-06-19 14:00:00', '2017-06-19 15:45:00', 20, '2017-06-19 02:00:00', '2017-06-19 02:00:00',15);
INSERT INTO nursery_information (BRING_START, BRING_END, PICK_UP_START, PICK_UP_END, MAX_OCCUPANCY, ORIGIN_DATE, TODAYS_DATE, CURRENT_OCCUPANCY) VALUES ('2017-06-20 09:00:00', '2017-06-20 10:15:00', '2017-06-20 14:00:00', '2017-06-20 15:45:00', 20, '2017-06-20 02:00:00', '2017-06-20 02:00:00',15);
INSERT INTO nursery_information (BRING_START, BRING_END, PICK_UP_START, PICK_UP_END, MAX_OCCUPANCY, ORIGIN_DATE, TODAYS_DATE, CURRENT_OCCUPANCY) VALUES ('2017-06-21 09:00:00', '2017-06-21 10:15:00', '2017-06-21 14:00:00', '2017-06-21 15:45:00', 20, '2017-06-21 02:00:00', '2017-06-21 02:00:00',15);
INSERT INTO nursery_information (BRING_START, BRING_END, PICK_UP_START, PICK_UP_END, MAX_OCCUPANCY, ORIGIN_DATE, TODAYS_DATE, CURRENT_OCCUPANCY) VALUES ('2017-06-22 09:00:00', '2017-06-22 10:15:00', '2017-06-22 14:00:00', '2017-06-22 15:45:00', 20, '2017-06-22 02:00:00', '2017-06-22 02:00:00',15);
INSERT INTO nursery_information (BRING_START, BRING_END, PICK_UP_START, PICK_UP_END, MAX_OCCUPANCY, ORIGIN_DATE, TODAYS_DATE, CURRENT_OCCUPANCY) VALUES ('2017-06-23 09:00:00', '2017-06-23 10:15:00', '2017-06-23 14:00:00', '2017-06-23 15:45:00', 20, '2017-06-23 02:00:00', '2017-06-23 02:00:00',15);
INSERT INTO nursery_information (BRING_START, BRING_END, PICK_UP_START, PICK_UP_END, MAX_OCCUPANCY, ORIGIN_DATE, TODAYS_DATE, CURRENT_OCCUPANCY) VALUES ('2017-06-26 09:00:00', '2017-06-26 10:15:00', '2017-06-26 14:00:00', '2017-06-26 15:45:00', 20, '2017-06-26 02:00:00', '2017-06-26 02:00:00',15);
INSERT INTO nursery_information (BRING_START, BRING_END, PICK_UP_START, PICK_UP_END, MAX_OCCUPANCY, ORIGIN_DATE, TODAYS_DATE, CURRENT_OCCUPANCY) VALUES ('2017-06-27 09:00:00', '2017-06-27 10:15:00', '2017-06-27 14:00:00', '2017-06-27 15:45:00', 20, '2017-06-27 02:00:00', '2017-06-27 02:00:00',15);
INSERT INTO nursery_information (BRING_START, BRING_END, PICK_UP_START, PICK_UP_END, MAX_OCCUPANCY, ORIGIN_DATE, TODAYS_DATE, CURRENT_OCCUPANCY) VALUES ('2017-06-28 09:00:00', '2017-06-28 10:15:00', '2017-06-28 14:00:00', '2017-06-28 15:45:00', 20, '2017-06-28 02:00:00', '2017-06-28 02:00:00',15);
INSERT INTO nursery_information (BRING_START, BRING_END, PICK_UP_START, PICK_UP_END, MAX_OCCUPANCY, ORIGIN_DATE, TODAYS_DATE, CURRENT_OCCUPANCY) VALUES ('2017-06-29 09:00:00', '2017-06-29 10:15:00', '2017-06-29 14:00:00', '2017-06-29 15:45:00', 20, '2017-06-29 02:00:00', '2017-06-29 02:00:00',15);
INSERT INTO nursery_information (BRING_START, BRING_END, PICK_UP_START, PICK_UP_END, MAX_OCCUPANCY, ORIGIN_DATE, TODAYS_DATE, CURRENT_OCCUPANCY) VALUES ('2017-06-30 09:00:00', '2017-06-30 10:15:00', '2017-06-30 14:00:00', '2017-06-30 15:45:00', 20, '2017-06-30 02:00:00', '2017-06-30 02:00:00',15);

INSERT INTO nursery_information (BRING_START, BRING_END, PICK_UP_START, PICK_UP_END, MAX_OCCUPANCY, ORIGIN_DATE, TODAYS_DATE, CURRENT_OCCUPANCY) VALUES ('2017-07-03 09:00:00', '2017-07-03 10:15:00', '2017-07-03 14:00:00', '2017-07-03 15:45:00', 20, '2017-07-03 02:00:00', '2017-07-03 02:00:00',15);
INSERT INTO nursery_information (BRING_START, BRING_END, PICK_UP_START, PICK_UP_END, MAX_OCCUPANCY, ORIGIN_DATE, TODAYS_DATE, CURRENT_OCCUPANCY) VALUES ('2017-07-04 09:00:00', '2017-07-04 10:15:00', '2017-07-04 14:00:00', '2017-07-04 15:45:00', 20, '2017-07-04 02:00:00', '2017-07-04 02:00:00',15);
INSERT INTO nursery_information (BRING_START, BRING_END, PICK_UP_START, PICK_UP_END, MAX_OCCUPANCY, ORIGIN_DATE, TODAYS_DATE, CURRENT_OCCUPANCY) VALUES ('2017-07-05 09:00:00', '2017-07-05 10:15:00', '2017-07-05 14:00:00', '2017-07-05 15:45:00', 20, '2017-07-05 02:00:00', '2017-07-05 02:00:00',15);
INSERT INTO nursery_information (BRING_START, BRING_END, PICK_UP_START, PICK_UP_END, MAX_OCCUPANCY, ORIGIN_DATE, TODAYS_DATE, CURRENT_OCCUPANCY) VALUES ('2017-07-06 09:00:00', '2017-07-06 10:15:00', '2017-07-06 14:00:00', '2017-07-06 15:45:00', 20, '2017-07-06 02:00:00', '2017-07-06 02:00:00',15);
INSERT INTO nursery_information (BRING_START, BRING_END, PICK_UP_START, PICK_UP_END, MAX_OCCUPANCY, ORIGIN_DATE, TODAYS_DATE, CURRENT_OCCUPANCY) VALUES ('2017-07-07 09:00:00', '2017-07-07 10:15:00', '2017-07-07 14:00:00', '2017-07-07 15:45:00', 20, '2017-07-07 02:00:00', '2017-07-07 02:00:00',15);
INSERT INTO nursery_information (BRING_START, BRING_END, PICK_UP_START, PICK_UP_END, MAX_OCCUPANCY, ORIGIN_DATE, TODAYS_DATE, CURRENT_OCCUPANCY) VALUES ('2017-07-10 09:00:00', '2017-07-10 10:15:00', '2017-07-10 14:00:00', '2017-07-10 15:45:00', 20, '2017-07-10 02:00:00', '2017-07-10 02:00:00',15);
INSERT INTO nursery_information (BRING_START, BRING_END, PICK_UP_START, PICK_UP_END, MAX_OCCUPANCY, ORIGIN_DATE, TODAYS_DATE, CURRENT_OCCUPANCY) VALUES ('2017-07-11 09:00:00', '2017-07-11 10:15:00', '2017-07-11 14:00:00', '2017-07-11 15:45:00', 20, '2017-07-11 02:00:00', '2017-07-11 02:00:00',15);
INSERT INTO nursery_information (BRING_START, BRING_END, PICK_UP_START, PICK_UP_END, MAX_OCCUPANCY, ORIGIN_DATE, TODAYS_DATE, CURRENT_OCCUPANCY) VALUES ('2017-07-12 09:00:00', '2017-07-12 10:15:00', '2017-07-12 14:00:00', '2017-07-12 15:45:00', 20, '2017-07-12 02:00:00', '2017-07-12 02:00:00',15);
INSERT INTO nursery_information (BRING_START, BRING_END, PICK_UP_START, PICK_UP_END, MAX_OCCUPANCY, ORIGIN_DATE, TODAYS_DATE, CURRENT_OCCUPANCY) VALUES ('2017-07-13 09:00:00', '2017-07-13 10:15:00', '2017-07-13 14:00:00', '2017-07-13 15:45:00', 20, '2017-07-13 02:00:00', '2017-07-13 02:00:00',15);
INSERT INTO nursery_information (BRING_START, BRING_END, PICK_UP_START, PICK_UP_END, MAX_OCCUPANCY, ORIGIN_DATE, TODAYS_DATE, CURRENT_OCCUPANCY) VALUES ('2017-07-14 09:00:00', '2017-07-14 10:15:00', '2017-07-14 14:00:00', '2017-07-14 15:45:00', 20, '2017-07-14 02:00:00', '2017-07-14 02:00:00',15);
INSERT INTO nursery_information (BRING_START, BRING_END, PICK_UP_START, PICK_UP_END, MAX_OCCUPANCY, ORIGIN_DATE, TODAYS_DATE, CURRENT_OCCUPANCY) VALUES ('2017-07-17 09:00:00', '2017-07-17 10:15:00', '2017-07-17 14:00:00', '2017-07-17 15:45:00', 20, '2017-07-17 02:00:00', '2017-07-17 02:00:00',15);
INSERT INTO nursery_information (BRING_START, BRING_END, PICK_UP_START, PICK_UP_END, MAX_OCCUPANCY, ORIGIN_DATE, TODAYS_DATE, CURRENT_OCCUPANCY) VALUES ('2017-07-18 09:00:00', '2017-07-18 10:15:00', '2017-07-18 14:00:00', '2017-07-18 15:45:00', 20, '2017-07-18 02:00:00', '2017-07-18 02:00:00',15);
INSERT INTO nursery_information (BRING_START, BRING_END, PICK_UP_START, PICK_UP_END, MAX_OCCUPANCY, ORIGIN_DATE, TODAYS_DATE, CURRENT_OCCUPANCY) VALUES ('2017-07-19 09:00:00', '2017-07-19 10:15:00', '2017-07-19 14:00:00', '2017-07-19 15:45:00', 20, '2017-07-19 02:00:00', '2017-07-19 02:00:00',15);
INSERT INTO nursery_information (BRING_START, BRING_END, PICK_UP_START, PICK_UP_END, MAX_OCCUPANCY, ORIGIN_DATE, TODAYS_DATE, CURRENT_OCCUPANCY) VALUES ('2017-07-20 09:00:00', '2017-07-20 10:15:00', '2017-07-20 14:00:00', '2017-07-20 15:45:00', 20, '2017-07-20 02:00:00', '2017-07-20 02:00:00',15);
INSERT INTO nursery_information (BRING_START, BRING_END, PICK_UP_START, PICK_UP_END, MAX_OCCUPANCY, ORIGIN_DATE, TODAYS_DATE, CURRENT_OCCUPANCY) VALUES ('2017-07-21 09:00:00', '2017-07-21 10:15:00', '2017-07-21 14:00:00', '2017-07-21 15:45:00', 20, '2017-07-21 02:00:00', '2017-07-21 02:00:00',15);
INSERT INTO nursery_information (BRING_START, BRING_END, PICK_UP_START, PICK_UP_END, MAX_OCCUPANCY, ORIGIN_DATE, TODAYS_DATE, CURRENT_OCCUPANCY) VALUES ('2017-07-24 09:00:00', '2017-07-24 10:15:00', '2017-07-24 14:00:00', '2017-07-24 15:45:00', 20, '2017-07-24 02:00:00', '2017-07-24 02:00:00',15);
INSERT INTO nursery_information (BRING_START, BRING_END, PICK_UP_START, PICK_UP_END, MAX_OCCUPANCY, ORIGIN_DATE, TODAYS_DATE, CURRENT_OCCUPANCY) VALUES ('2017-07-25 09:00:00', '2017-07-25 10:15:00', '2017-07-25 14:00:00', '2017-07-25 15:45:00', 20, '2017-07-25 02:00:00', '2017-07-25 02:00:00',15);
INSERT INTO nursery_information (BRING_START, BRING_END, PICK_UP_START, PICK_UP_END, MAX_OCCUPANCY, ORIGIN_DATE, TODAYS_DATE, CURRENT_OCCUPANCY) VALUES ('2017-07-26 09:00:00', '2017-07-26 10:15:00', '2017-07-26 14:00:00', '2017-07-26 15:45:00', 20, '2017-07-26 02:00:00', '2017-07-26 02:00:00',15);
INSERT INTO nursery_information (BRING_START, BRING_END, PICK_UP_START, PICK_UP_END, MAX_OCCUPANCY, ORIGIN_DATE, TODAYS_DATE, CURRENT_OCCUPANCY) VALUES ('2017-07-27 09:00:00', '2017-07-27 10:15:00', '2017-07-27 14:00:00', '2017-07-27 15:45:00', 20, '2017-07-27 02:00:00', '2017-07-27 02:00:00',15);
INSERT INTO nursery_information (BRING_START, BRING_END, PICK_UP_START, PICK_UP_END, MAX_OCCUPANCY, ORIGIN_DATE, TODAYS_DATE, CURRENT_OCCUPANCY) VALUES ('2017-07-28 09:00:00', '2017-07-28 10:15:00', '2017-07-28 14:00:00', '2017-07-28 15:45:00', 20, '2017-07-28 02:00:00', '2017-07-28 02:00:00',15);


INSERT INTO task (BEGIN_DATE, DESCRIPTION, ENDING_DATE, IMPORTANT, RECEIVER_USERNAME, SENDER_USERNAME, STRING_ID) VALUES ('2017-01-01 02:00:00', 'Feiertag: Neujahr', '2017-01-01 02:00:00', TRUE, 'cheng', 'cheng', '0eb8eddf-fa64-4ce4-ab00-d82afdd3fd07');
INSERT INTO task (BEGIN_DATE, DESCRIPTION, ENDING_DATE, IMPORTANT, RECEIVER_USERNAME, SENDER_USERNAME, STRING_ID) VALUES ('2017-01-06 02:00:00', 'Feiertag: Heilige Drei Könige', '2017-01-06 02:00:00', TRUE, 'cheng', 'cheng', '0eb8e00f-fa64-4ce4-ab00-d82afdd3fd07');
INSERT INTO task (BEGIN_DATE, DESCRIPTION, ENDING_DATE, IMPORTANT, RECEIVER_USERNAME, SENDER_USERNAME, STRING_ID) VALUES ('2017-03-19 02:00:00', 'Feiertag: Josef', '2017-03-19 02:00:00', TRUE, 'cheng', 'cheng', '0eb8eddf-fa64-4ce4-ab00-d82afdd3fd08');
INSERT INTO task (BEGIN_DATE, DESCRIPTION, ENDING_DATE, IMPORTANT, RECEIVER_USERNAME, SENDER_USERNAME, STRING_ID) VALUES ('2017-04-14 02:00:00', 'Feiertag: Karfreitag', '2017-04-14 02:00:00', TRUE, 'cheng', 'cheng', '0eb8eddf-fa64-4ce4-ab00-d82afdd3fd09');
INSERT INTO task (BEGIN_DATE, DESCRIPTION, ENDING_DATE, IMPORTANT, RECEIVER_USERNAME, SENDER_USERNAME, STRING_ID) VALUES ('2017-04-16 02:00:00', 'Feiertag: Ostersonntag', '2017-04-16 02:00:00', TRUE, 'cheng', 'cheng', '0eb8eddf-fa64-4ce4-ab00-d82afdd3fd11');
INSERT INTO task (BEGIN_DATE, DESCRIPTION, ENDING_DATE, IMPORTANT, RECEIVER_USERNAME, SENDER_USERNAME, STRING_ID) VALUES ('2017-04-17 02:00:00', 'Feiertag: Ostermontag', '2017-04-17 02:00:00', TRUE, 'cheng', 'cheng', '0eb8eddf-fa64-4ce4-ab00-d82afdd3fd12');
INSERT INTO task (BEGIN_DATE, DESCRIPTION, ENDING_DATE, IMPORTANT, RECEIVER_USERNAME, SENDER_USERNAME, STRING_ID) VALUES ('2017-05-01 02:00:00', 'Feiertag: Staatsfeiertag', '2017-05-01 02:00:00', TRUE, 'cheng', 'cheng', '0eb8eddf-fa64-4ce4-ab00-d82afdd3fd34');
INSERT INTO task (BEGIN_DATE, DESCRIPTION, ENDING_DATE, IMPORTANT, RECEIVER_USERNAME, SENDER_USERNAME, STRING_ID) VALUES ('2017-05-25 02:00:00', 'Feiertag: Christi Himmelfahrt', '2017-05-25 02:00:00', TRUE, 'cheng', 'cheng', '0eb8eddf-fa64-4ce4-ab00-d82afdd3fd66');
INSERT INTO task (BEGIN_DATE, DESCRIPTION, ENDING_DATE, IMPORTANT, RECEIVER_USERNAME, SENDER_USERNAME, STRING_ID) VALUES ('2017-06-04 02:00:00', 'Feiertag: Pfingstsonntag', '2017-06-04 02:00:00', TRUE, 'cheng', 'cheng', '0eb8eddf-fa64-4ce4-ab00-d42afdd3fd07');
INSERT INTO task (BEGIN_DATE, DESCRIPTION, ENDING_DATE, IMPORTANT, RECEIVER_USERNAME, SENDER_USERNAME, STRING_ID) VALUES ('2017-06-05 02:00:00', 'Feiertag: Pfingstmontag', '2017-06-05 02:00:00', TRUE, 'cheng', 'cheng', '0eb8eddf-fa64-4ce4-ab00-d82afdd3fd27');
INSERT INTO task (BEGIN_DATE, DESCRIPTION, ENDING_DATE, IMPORTANT, RECEIVER_USERNAME, SENDER_USERNAME, STRING_ID) VALUES ('2017-06-15 02:00:00', 'Feiertag: Fronleichnam', '2017-06-15 02:00:00', TRUE, 'cheng', 'cheng', '0eb8eddf-fa64-4ce4-ab00-d82afdd4fd07');
INSERT INTO task (BEGIN_DATE, DESCRIPTION, ENDING_DATE, IMPORTANT, RECEIVER_USERNAME, SENDER_USERNAME, STRING_ID) VALUES ('2017-08-15 02:00:00', 'Feiertag: Mariä Himmelfahrt', '2017-08-15 02:00:00', TRUE, 'cheng', 'cheng', '0eb8eddf-fa64-4ce4-ab00-d82afdd3fe07');
INSERT INTO task (BEGIN_DATE, DESCRIPTION, ENDING_DATE, IMPORTANT, RECEIVER_USERNAME, SENDER_USERNAME, STRING_ID) VALUES ('2017-10-26 02:00:00', 'Feiertag: Nationalfeiertag', '2017-10-26 02:00:00', TRUE, 'cheng', 'cheng', '0eb8eddf-fa64-4ce4-ab00-d82afdd3fd30');

INSERT INTO task (BEGIN_DATE, DESCRIPTION, ENDING_DATE, IMPORTANT, RECEIVER_USERNAME, SENDER_USERNAME, STRING_ID) VALUES ('2017-06-06 02:00:00', 'Ferientag: Pfingstdienstag', '2017-06-06 02:00:00', TRUE, 'cheng', 'cheng', '0eb8eddf-fa64-4ce4-ab00-d82afdd3fd50');

INSERT INTO picture(DATE, TITLE, URL, PUBLISHER_USERNAME) VALUES('2017-06-20 02:06:13','birdhouse.jpg','birdhouse.jpg', 'cheng');
INSERT INTO picture(DATE, TITLE, URL, PUBLISHER_USERNAME) VALUES('2017-06-20 02:06:13','colormanager.jpg','colormanager.jpg', 'cheng');
INSERT INTO picture(DATE, TITLE, URL, PUBLISHER_USERNAME) VALUES('2017-06-20 02:06:13','javascript.jpg','javascript.jpg', 'cheng');
INSERT INTO picture(DATE, TITLE, URL, PUBLISHER_USERNAME) VALUES('2017-06-20 02:06:13','notebook.jpg','notebook.jpg', 'cheng');
INSERT INTO picture(DATE, TITLE, URL, PUBLISHER_USERNAME) VALUES('2017-06-20 02:06:13','panoramaalps.jpg','panoramaalps.jpg', 'cheng');
INSERT INTO picture(DATE, TITLE, URL, PUBLISHER_USERNAME) VALUES('2017-06-20 02:06:13','C4F_logo_login.png','C4F_logo_login.png', 'cheng');
